Test started at 2026-07-29 09:05:53.949911,,,,,,,,,,,,,,,,,,
Input voltage = 0.005,,,,,,,,,,,,,,,,,,
Running at a PLC of 1,,,,,,,,,,,,,,,,,,
GE1, GE2, GE3, ratio12, ratio13, ratio23, diff1, diff2, diff3, r11, r12, r21, r22, r31, r32,,,,
0.001185162,0.00118325,-1.91E-06,1.001185162,1.00118325,0.999998091,0.009800864,0.009789262,0.009789281,0.004953854,-0.00484701,0.004952439,-0.004836823,0.004949427,-0.004839853,Average,0.02%,0.02%,0.00%
8.55E-05,8.04E-05,-5.14E-06,1.000085525,1.000080389,0.999994864,0.009788613,0.009787775,0.009787826,0.004948119,-0.004840493,0.004946517,-0.004841259,0.004943391,-0.004844434,Max,0.18%,0.17%,0.13%
-0.000501751,-2.74E-05,0.000474542,0.999498249,0.999972553,1.000474542,0.009786743,0.009791656,0.009787011,0.004948079,-0.004838664,0.004951441,-0.004840215,0.004943318,-0.004843693,Min,-0.14%,-0.10%,-0.13%
0.001547188,0.00155393,6.73E-06,1.001547188,1.00155393,1.000006731,0.009810202,0.009795047,0.009794981,0.004955533,-0.004854668,0.004951002,-0.004844045,0.004947708,-0.004847273,Spread,0.32%,0.28%,0.26%
-8.05E-05,-5.46E-05,2.58E-05,0.999919504,0.999945351,1.000025848,0.009791548,0.009792337,0.009792084,0.004951517,-0.004840032,0.004950414,-0.004841922,0.00494837,-0.004843713,,,,
0.001012522,0.001035944,2.34E-05,1.001012522,1.001035944,1.000023398,0.009801812,0.009791897,0.009791668,0.004947912,-0.0048539,0.004946795,-0.004845102,0.00494375,-0.004847919,,,,
-0.001166568,1.52E-05,0.001183192,0.998833432,1.000015244,1.001183192,0.009780386,0.009791809,0.009780237,0.004943895,-0.004836491,0.004942614,-0.004849195,0.0049403,-0.004839937,,,,
-3.48E-05,-4.10E-07,3.44E-05,0.999965207,0.99999959,1.000034384,0.009788711,0.009789052,0.009788715,0.004949562,-0.004839149,0.004948413,-0.004840639,0.004945711,-0.004843005,,,,
-4.84E-05,6.76E-06,5.51E-05,0.999951645,1.000006763,1.000055121,0.009788582,0.009789056,0.009788516,0.00494771,-0.004840873,0.004946902,-0.004842154,0.004944228,-0.004844288,,,,
0.001774501,0.001722625,-5.18E-05,1.001774501,1.001722625,0.999948216,0.009799764,0.009782405,0.009782912,0.004950715,-0.004849049,0.004942946,-0.004839459,0.004940129,-0.004842783,,,,
0.000211844,0.000224545,1.27E-05,1.000211844,1.000224545,1.000012698,0.009794093,0.009792019,0.009791895,0.004950226,-0.004843868,0.004946404,-0.004845615,0.004943976,-0.004847919,,,,
-1.31E-05,-0.000111596,-9.85E-05,0.999986922,0.999888404,0.999901481,0.009791019,0.009791147,0.009792111,0.004944736,-0.004846282,0.004943534,-0.004847612,0.004940897,-0.004851214,,,,
0.000207717,0.000262008,5.43E-05,1.000207717,1.000262008,1.000054279,0.009799115,0.00979708,0.009796549,0.004945401,-0.004853714,0.00494219,-0.00485489,0.00493941,-0.004857139,,,,
-9.20E-05,-0.000114265,-2.22E-05,0.999907956,0.999885735,0.999977777,0.009789614,0.009790515,0.009790733,0.004945238,-0.004844376,0.004944602,-0.004845913,0.004941609,-0.004849124,,,,
0.000270417,0.000192303,-7.81E-05,1.000270417,1.000192303,0.999921907,0.009792669,0.009790021,0.009790786,0.004947757,-0.004844912,0.004943833,-0.004846188,0.004942007,-0.004848779,,,,
-9.59E-05,-4.97E-05,4.63E-05,0.999904051,0.99995031,1.000046263,0.009798661,0.009799602,0.009799148,0.004951006,-0.004847656,0.00495036,-0.004849242,0.004947682,-0.004851466,,,,
9.75E-05,0.000137786,4.03E-05,1.000097523,1.000137786,1.000040259,0.009792397,0.009791442,0.009791048,0.004946677,-0.00484572,0.004944606,-0.004846835,0.004942025,-0.004849023,,,,
-0.001377762,-7.21E-05,0.001307447,0.998622238,0.999927883,1.001307447,0.009791461,0.00980497,0.009792167,0.004948882,-0.004842579,0.004950944,-0.004854027,0.004945058,-0.00484711,,,,
2.28E-05,-7.60E-06,-3.04E-05,1.000022812,0.999992402,0.999969591,0.009787759,0.009787535,0.009787833,0.004949953,-0.004837806,0.004948466,-0.004839069,0.004946928,-0.004840905,,,,
-8.63E-05,-8.44E-05,1.93E-06,0.999913683,0.999915615,1.000001932,0.009788323,0.009789168,0.009789149,0.004949102,-0.004839222,0.004948123,-0.004841045,0.004945676,-0.004843474,,,,
-7.12E-05,1.06E-05,8.18E-05,0.999928795,1.000010559,1.00008177,0.009792417,0.009793114,0.009792313,0.004948176,-0.00484424,0.004947066,-0.004846048,0.004944339,-0.004847974,,,,
0.001557418,0.001539076,-1.83E-05,1.001557418,1.001539076,0.999981686,0.009807092,0.009791842,0.009792021,0.004953108,-0.004853983,0.004945023,-0.004846819,0.004943348,-0.004848673,,,,
3.42E-05,-0.001032443,-0.001066594,1.000034187,0.998967557,0.998933406,0.009794108,0.009793774,0.009804231,0.004947591,-0.004846518,0.00494649,-0.004847283,0.004944135,-0.004860096,,,,
9.23E-05,-8.66E-05,-0.000178952,1.000092349,0.999913381,0.999821048,0.009787774,0.009786871,0.009788622,0.004944308,-0.004843467,0.004943029,-0.004843841,0.004941523,-0.004847099,,,,
-0.000104921,-1.81E-05,8.68E-05,0.999895079,0.999981852,1.000086782,0.009789507,0.009790534,0.009789684,0.004948955,-0.004840552,0.004947817,-0.004842717,0.004945451,-0.004844233,,,,
3.44E-05,-7.28E-05,-0.000107233,1.000034428,0.999927191,0.999892767,0.009781879,0.009781542,0.009782591,0.004946146,-0.004835733,0.00494437,-0.004837173,0.004943454,-0.004839137,,,,
-4.59E-05,8.50E-06,5.44E-05,0.999954081,1.000008502,1.000054424,0.009785685,0.009786134,0.009785601,0.004945325,-0.004840359,0.004944612,-0.004841522,0.004942771,-0.004842831,,,,
7.35E-05,-2.09E-05,-9.44E-05,1.000073488,0.999979075,0.999905594,0.009791851,0.009791131,0.009792056,0.004944538,-0.004847313,0.004943153,-0.004847978,0.004941439,-0.004850616,,,,
-2.88E-06,-1.72E-05,-1.44E-05,0.999997116,0.999982752,0.999985636,0.009794582,0.009794611,0.009794751,0.004946709,-0.004847874,0.004946041,-0.00484857,0.004943641,-0.004851111,,,,
5.85E-05,2.41E-05,-3.44E-05,1.000058517,1.000024108,0.999965593,0.009791171,0.009790598,0.009790934,0.004949805,-0.004841366,0.004947935,-0.004842663,0.004946301,-0.004844634,,,,
-4.16E-05,-6.06E-05,-1.90E-05,0.999958379,0.999939415,0.999981035,0.009792547,0.009792955,0.00979314,0.004952221,-0.004840326,0.004950626,-0.004842329,0.0049492,-0.00484394,,,,
-0.000238818,-4.34E-05,0.000195425,0.999761182,0.99995656,1.000195425,0.009785903,0.009788241,0.009786328,0.004948014,-0.004837889,0.004949315,-0.004838926,0.004945623,-0.004840706,,,,
0.000179594,-0.000970287,-0.001149674,1.000179594,0.999029713,0.998850326,0.009781333,0.009779577,0.009790833,0.004944385,-0.004836948,0.004941989,-0.004837588,0.004941278,-0.004849555,,,,
8.98E-05,5.46E-05,-3.51E-05,1.00008976,1.000054645,0.999964889,0.009782902,0.009782024,0.009782367,0.004947373,-0.004835528,0.004946099,-0.004835925,0.004944894,-0.004837473,,,,
-0.000114886,-3.17E-05,8.32E-05,0.999885114,0.99996829,1.000083186,0.009784649,0.009785773,0.009784959,0.004948507,-0.004836142,0.004947948,-0.004837825,0.004946046,-0.004838913,,,,
-9.68E-05,-0.000156825,-6.00E-05,0.999903178,0.999843175,0.999939992,0.009785108,0.009786056,0.009786643,0.004949341,-0.004835767,0.004948152,-0.004837903,0.004946497,-0.004840146,,,,
0.000353159,-0.00097481,-0.0013275,1.000353159,0.99902519,0.9986725,0.009791107,0.009787651,0.009800661,0.004953421,-0.004837687,0.004948993,-0.004838658,0.004947685,-0.004852976,,,,
0.001317425,0.0012663,-5.11E-05,1.001317425,1.0012663,0.999948942,0.009800906,0.009788012,0.009788511,0.00494893,-0.004851977,0.004947118,-0.004840893,0.004946467,-0.004842044,,,,
3.28E-05,-3.26E-05,-6.55E-05,1.000032812,0.999967356,0.999934546,0.009790196,0.009789875,0.009790515,0.004948828,-0.004841368,0.004947533,-0.004842341,0.00494653,-0.004843985,,,,
0.00078241,0.000866483,8.40E-05,1.00078241,1.000866483,1.000084007,0.009796425,0.009788766,0.009787944,0.004945499,-0.004850926,0.004944835,-0.004843931,0.004943542,-0.004844401,,,,
,,,,,,,,,,,,,,,,,,
Input voltage = 0.005,,,,,,,,,,,,,,,,,,
Running at a PLC of 10,,,,,,,,,,,,,,,,,,
GE1, GE2, GE3, ratio12, ratio13, ratio23, diff1, diff2, diff3, r11, r12, r21, r22, r31, r32,,,,
-5.48E-06,4.61E-05,5.16E-05,0.999994521,1.000046132,1.000051611,0.009821282,0.009821336,0.009820829,0.004961082,-0.0048602,0.004960275,-0.004861061,0.004958377,-0.004862451,Average,0.01%,0.01%,0.00%
-4.71E-05,2.15E-06,4.93E-05,0.999952902,1.000002152,1.000049252,0.009815755,0.009816218,0.009815734,0.004955741,-0.004860014,0.004955282,-0.004860936,0.004953626,-0.004862108,Max,0.04%,0.04%,0.02%
0.000176917,0.000175979,-9.37E-07,1.000176917,1.000175979,0.999999063,0.009816807,0.00981507,0.00981508,0.004959178,-0.004857629,0.004958495,-0.004856575,0.004956941,-0.004858139,Min,-0.02%,-0.01%,0.00%
4.67E-05,7.00E-05,2.32E-05,1.000046743,1.000069972,1.000023228,0.009818251,0.009817792,0.009817564,0.004962035,-0.004856216,0.00496088,-0.004856912,0.004959506,-0.004858058,Spread,0.07%,0.05%,0.02%
0.000108865,0.000129828,2.10E-05,1.000108865,1.000129828,1.000020961,0.009816531,0.009815462,0.009815257,0.00496026,-0.004856271,0.004959582,-0.00485588,0.004958233,-0.004857024,,,,
0.000298723,0.000274646,-2.41E-05,1.000298723,1.000274646,0.99997593,0.009824436,0.009821502,0.009821739,0.004958991,-0.004865445,0.00495773,-0.004863773,0.004956488,-0.004865251,,,,
0.000228166,0.000243006,1.48E-05,1.000228166,1.000243006,1.000014837,0.009817994,0.009815754,0.009815608,0.00495475,-0.004863244,0.004953538,-0.004862216,0.004952184,-0.004863424,,,,
6.47E-05,6.81E-05,3.36E-06,1.000064744,1.000068106,1.000003362,0.009814485,0.00981385,0.009813817,0.004955964,-0.004858521,0.004954676,-0.004859174,0.004953288,-0.004860529,,,,
-0.000224855,-4.96E-05,0.000175299,0.999775145,0.999950405,1.000175299,0.009809898,0.009812104,0.009810385,0.004953619,-0.004856279,0.004953171,-0.004858933,0.004951947,-0.004858437,,,,
0.000133981,0.000127282,-6.70E-06,1.000133981,1.000127282,0.999993303,0.009823261,0.009821945,0.009822011,0.004963851,-0.00485941,0.004963453,-0.004858493,0.004962084,-0.004859928,,,,
0.000249794,0.000266568,1.68E-05,1.000249794,1.000266568,1.00001677,0.009822593,0.00982014,0.009819976,0.00496268,-0.004859914,0.004961438,-0.004858703,0.004959983,-0.004859992,,,,
4.51E-06,3.08E-05,2.63E-05,1.000004511,1.000030805,1.000026294,0.009817933,0.009817889,0.009817631,0.004962953,-0.00485498,0.004962506,-0.004855383,0.004960982,-0.004856649,,,,
1.47E-05,-1.85E-05,-3.32E-05,1.000014689,0.999981533,0.999966844,0.009820878,0.009820733,0.009821059,0.004963518,-0.004857359,0.004963139,-0.004857594,0.004961862,-0.004859196,,,,
-2.57E-05,-3.27E-05,-7.04E-06,0.999974303,0.999967265,0.999992962,0.009809061,0.009809313,0.009809382,0.004960955,-0.004848106,0.004960619,-0.004848694,0.00495918,-0.004850203,,,,
-2.66E-05,-3.73E-06,2.28E-05,0.999973443,0.999996265,1.000022822,0.009816159,0.00981642,0.009816196,0.00496052,-0.004855639,0.004960214,-0.004856205,0.004958903,-0.004857292,,,,
0.000193145,0.000176427,-1.67E-05,1.000193145,1.000176427,0.999983284,0.009820098,0.009818202,0.009818366,0.00495911,-0.004860988,0.004958644,-0.004859558,0.004957454,-0.004860913,,,,
0.000295139,0.000337321,4.22E-05,1.000295139,1.000337321,1.000042169,0.00982488,0.009821981,0.009821567,0.004960509,-0.004864372,0.004959242,-0.00486274,0.004957987,-0.00486358,,,,
0.000296184,0.000278136,-1.80E-05,1.000296184,1.000278136,0.999981958,0.009817349,0.009814443,0.00981462,0.004953844,-0.004863505,0.004952657,-0.004861786,0.004951706,-0.004862913,,,,
1.29E-05,-7.03E-06,-2.00E-05,1.000012917,0.999992966,0.999980049,0.009815219,0.009815092,0.009815288,0.004956482,-0.004858736,0.004955908,-0.004859184,0.004955009,-0.004860279,,,,
0.000299442,0.000304233,4.79E-06,1.000299442,1.000304233,1.000004789,0.009820637,0.009817697,0.00981765,0.004960753,-0.004859884,0.004959596,-0.004858101,0.004958668,-0.004858982,,,,
0.000438762,0.00043652,-2.24E-06,1.000438762,1.00043652,0.999997759,0.009825859,0.00982155,0.009821572,0.00496178,-0.00486408,0.004959821,-0.004861729,0.00495886,-0.004862712,,,,
0.00025177,0.000219997,-3.18E-05,1.00025177,1.000219997,0.999968235,0.009828439,0.009825965,0.009826277,0.004966274,-0.004862165,0.004964896,-0.004861069,0.004964332,-0.004861945,,,,
6.09E-05,3.67E-05,-2.42E-05,1.000060863,1.000036653,0.999975791,0.009825816,0.009825218,0.009825456,0.004963741,-0.004862075,0.004962742,-0.004862476,0.004962077,-0.00486338,,,,
1.70E-05,5.75E-06,-1.13E-05,1.000017023,1.000005748,0.999988725,0.009819639,0.009819471,0.009819582,0.004963283,-0.004856355,0.004962662,-0.004856809,0.004961725,-0.004857857,,,,
-5.73E-06,-6.15E-06,-4.24E-07,0.999994274,0.99999385,0.999999576,0.009819286,0.009819342,0.009819346,0.004963202,-0.004856084,0.004962925,-0.004856417,0.004961944,-0.004857402,,,,
-2.45E-05,-5.09E-05,-2.64E-05,0.999975525,0.999949078,0.999973553,0.009823889,0.009824129,0.009824389,0.004962063,-0.004861826,0.004961695,-0.004862434,0.004960961,-0.004863428,,,,
-1.66E-05,6.61E-06,2.32E-05,0.999983437,1.000006613,1.000023176,0.009827382,0.009827545,0.009827317,0.004958557,-0.004868825,0.004958082,-0.004869462,0.004957135,-0.004870182,,,,
0.000132924,0.000134099,1.17E-06,1.000132924,1.000134099,1.000001175,0.00982279,0.009821485,0.009821473,0.004954195,-0.004868595,0.004953631,-0.004867853,0.004952881,-0.004868592,,,,
-6.14E-05,-3.40E-05,2.74E-05,0.999938566,0.999965965,1.000027401,0.009825017,0.009825621,0.009825351,0.004959969,-0.004865048,0.004960019,-0.004865602,0.004959085,-0.004866266,,,,
2.24E-05,8.58E-07,-2.15E-05,1.000022398,1.000000858,0.999978461,0.009816412,0.009816192,0.009816404,0.004952412,-0.004864,0.004951883,-0.004864309,0.004951608,-0.004864796,,,,
0.000132839,0.000157036,2.42E-05,1.000132839,1.000157036,1.000024193,0.00981626,0.009814956,0.009814719,0.004953769,-0.004862491,0.004953221,-0.004861736,0.004952809,-0.00486191,,,,
2.84E-05,-1.71E-05,-4.55E-05,1.000028384,0.999982885,0.999954502,0.0098139,0.009813622,0.009814068,0.004957172,-0.004856728,0.004956581,-0.004857041,0.004956308,-0.00485776,,,,
1.66E-05,-9.02E-06,-2.57E-05,1.000016647,0.999990977,0.99997433,0.00981676,0.009816596,0.009816848,0.004957137,-0.004859622,0.004956573,-0.004860023,0.00495624,-0.004860608,,,,
-7.44E-05,2.40E-05,9.84E-05,0.999925647,1.000023997,1.000098358,0.009813069,0.009813799,0.009812834,0.004954364,-0.004858705,0.004954795,-0.004859004,0.004953331,-0.004859503,,,,
-1.29E-05,-2.14E-05,-8.50E-06,0.999987057,0.999978559,0.999991502,0.009827719,0.009827846,0.009827929,0.004963868,-0.00486385,0.004963387,-0.004864459,0.004962736,-0.004865193,,,,
-5.71E-06,-3.95E-05,-3.37E-05,0.999994285,0.999960543,0.999966257,0.009820076,0.009820133,0.009820464,0.004954557,-0.004865519,0.00495409,-0.004866043,0.004953634,-0.00486683,,,,
0.000203557,0.000210742,7.18E-06,1.000203557,1.000210742,1.000007183,0.009826271,0.009824272,0.009824201,0.004958524,-0.004867748,0.004957841,-0.004866431,0.004957372,-0.004866829,,,,
4.86E-06,1.23E-05,7.46E-06,1.000004855,1.000012314,1.000007458,0.009820112,0.009820064,0.009819991,0.004957286,-0.004862826,0.004956741,-0.004863323,0.004955936,-0.004864055,,,,
-1.50E-06,-1.16E-05,-1.01E-05,0.999998499,0.999988431,0.999989932,0.009819237,0.009819252,0.009819351,0.00495662,-0.004862617,0.004956127,-0.004863125,0.004955509,-0.004863841,,,,
-1.66E-05,-2.22E-05,-5.51E-06,0.999983356,0.999977849,0.999994493,0.009824877,0.009825041,0.009825095,0.004952832,-0.004872045,0.004952334,-0.004872707,0.004951572,-0.004873522,,,,
,,,,,,,,,,,,,,,,,,
Input voltage = 0.005,,,,,,,,,,,,,,,,,,
Running at a PLC of 100,,,,,,,,,,,,,,,,,,
GE1, GE2, GE3, ratio12, ratio13, ratio23, diff1, diff2, diff3, r11, r12, r21, r22, r31, r32,,,,
-1.43E-06,1.63E-05,1.78E-05,0.999998574,1.000016334,1.00001776,0.009815824,0.009815838,0.009815664,0.004953116,-0.004862708,0.004952695,-0.004863144,0.004951945,-0.004863719,Average,0.0013%,0.0012%,-0.0001%
-5.79E-06,-3.46E-06,2.32E-06,0.999994215,0.999996538,1.000002323,0.009818292,0.009818348,0.009818326,0.004952731,-0.00486556,0.004952258,-0.004866091,0.004951775,-0.00486655,Max,0.0043%,0.0048%,0.0026%
1.19E-05,2.33E-05,1.15E-05,1.000011881,1.000023335,1.000011454,0.009815112,0.009814996,0.009814883,0.004954133,-0.004860979,0.004953543,-0.004861453,0.004953203,-0.00486168,Min,-0.0020%,-0.0026%,-0.0029%
9.70E-06,8.50E-06,-1.21E-06,1.000009703,1.000008497,0.999998794,0.009816605,0.009816509,0.009816521,0.004952976,-0.004863628,0.004952547,-0.004863962,0.004952258,-0.004864263,Spread,0.0063%,0.0075%,0.0055%
1.89E-05,2.17E-05,2.79E-06,1.000018934,1.00002172,1.000002786,0.009819193,0.009819008,0.00981898,0.00495884,-0.004860353,0.004958414,-0.004860593,0.004958197,-0.004860783,,,,
2.04E-05,1.43E-05,-6.17E-06,1.000020444,1.000014271,0.999993827,0.009817053,0.009816853,0.009816913,0.004955966,-0.004861088,0.004955592,-0.004861261,0.004955309,-0.004861604,,,,
2.87E-05,1.78E-05,-1.09E-05,1.000028677,1.000017806,0.99998913,0.009818612,0.009818331,0.009818437,0.004956203,-0.004862409,0.004955913,-0.004862418,0.004955672,-0.004862765,,,,
1.41E-05,2.84E-05,1.43E-05,1.000014063,1.000028404,1.000014341,0.009821824,0.009821686,0.009821545,0.004958457,-0.004863367,0.004958244,-0.004863441,0.004957814,-0.004863731,,,,
1.03E-05,-9.19E-06,-1.95E-05,1.000010296,0.999990814,0.999980518,0.009809376,0.009809275,0.009809466,0.004950563,-0.004858813,0.004950455,-0.00485882,0.00495001,-0.004859456,,,,
2.13E-06,-2.63E-05,-2.85E-05,1.000002135,0.999973669,0.999971535,0.00982429,0.009824269,0.009824549,0.004955941,-0.004868349,0.004955717,-0.004868552,0.004955175,-0.004869373,,,,
-2.54E-06,-6.23E-06,-3.69E-06,0.999997456,0.99999377,0.999996314,0.009818459,0.009818484,0.009818521,0.004951068,-0.004867391,0.004950757,-0.004867728,0.004950273,-0.004868247,,,,
2.57E-05,2.00E-06,-2.37E-05,1.000025705,1.000001997,0.999976292,0.009826736,0.009826484,0.009826717,0.00495485,-0.004871886,0.004954377,-0.004872107,0.004953983,-0.004872734,,,,
1.43E-05,1.74E-05,3.02E-06,1.000014341,1.000017362,1.00000302,0.009826382,0.009826241,0.009826212,0.004953763,-0.004872619,0.004953599,-0.004872642,0.004952942,-0.004873269,,,,
-1.39E-05,4.63E-06,1.85E-05,0.999986105,1.000004627,1.000018522,0.009820669,0.009820805,0.009820623,0.004954846,-0.004865823,0.004954855,-0.00486595,0.004954097,-0.004866526,,,,
1.04E-05,1.10E-05,6.63E-07,1.000010372,1.000011034,1.000000663,0.009822032,0.00982193,0.009821923,0.00495715,-0.004864882,0.004956962,-0.004864968,0.004956254,-0.004865669,,,,
1.57E-05,8.93E-06,-6.74E-06,1.000015672,1.000008932,0.999993261,0.00982153,0.009821376,0.009821442,0.004954763,-0.004866767,0.00495455,-0.004866827,0.004953842,-0.004867601,,,,
3.13E-05,4.37E-05,1.24E-05,1.000031302,1.000043722,1.000012419,0.009828279,0.009827971,0.009827849,0.004962984,-0.004865295,0.004962629,-0.004865342,0.004961824,-0.004866025,,,,
3.98E-05,2.86E-05,-1.12E-05,1.00003984,1.000028628,0.999988788,0.00982667,0.009826279,0.009826389,0.004956568,-0.004870102,0.00495624,-0.004870039,0.004955624,-0.004870765,,,,
6.56E-06,6.67E-07,-5.89E-06,1.000006559,1.000000667,0.999994108,0.009823413,0.009823349,0.009823407,0.004955969,-0.004867445,0.004955978,-0.004867371,0.004955126,-0.004868281,,,,
5.90E-06,1.54E-05,9.51E-06,1.000005898,1.000015407,1.000009509,0.009825529,0.009825471,0.009825378,0.004957654,-0.004867875,0.00495757,-0.004867902,0.004956766,-0.004868611,,,,
-1.98E-05,-9.55E-06,1.03E-05,0.999980188,0.99999045,1.000010261,0.009818321,0.009818516,0.009818415,0.004955754,-0.004862567,0.004955898,-0.004862618,0.004954959,-0.004863456,,,,
3.38E-05,5.19E-06,-2.86E-05,1.000033758,1.000005187,0.999971429,0.009830466,0.009830134,0.009830415,0.004958166,-0.0048723,0.004958076,-0.004872058,0.004957439,-0.004872976,,,,
-1.09E-05,-1.79E-06,9.15E-06,0.999989061,0.999998213,1.000009152,0.009819545,0.009819653,0.009819563,0.004954609,-0.004864936,0.004954515,-0.004865138,0.004953657,-0.004865906,,,,
3.79E-05,2.38E-05,-1.41E-05,1.000037944,1.000023801,0.999985858,0.009821923,0.009821551,0.009821689,0.004956931,-0.004864992,0.004956813,-0.004864738,0.004955817,-0.004865873,,,,
-4.72E-06,-2.28E-06,2.44E-06,0.999995279,0.999997716,1.000002437,0.009827965,0.009828011,0.009827987,0.004957159,-0.004870805,0.004957122,-0.00487089,0.004955907,-0.00487208,,,,
4.82E-06,-1.51E-06,-6.33E-06,1.00000482,0.999998486,0.999993666,0.009823065,0.009823017,0.009823079,0.004956216,-0.004866848,0.004956234,-0.004866783,0.004954962,-0.004868117,,,,
3.95E-06,-1.25E-05,-1.65E-05,1.000003948,0.999987486,0.999983538,0.009817844,0.009817805,0.009817967,0.00495528,-0.004862564,0.004955296,-0.004862509,0.004954099,-0.004863868,,,,
1.79E-05,2.21E-05,4.17E-06,1.000017906,1.000022075,1.000004169,0.00981716,0.009816984,0.009816943,0.004954118,-0.004863042,0.004954079,-0.004862905,0.004952786,-0.004864157,,,,
3.94E-05,3.91E-05,-2.90E-07,1.000039379,1.000039088,0.99999971,0.009821436,0.009821049,0.009821052,0.004956919,-0.004864517,0.004956921,-0.004864128,0.004955589,-0.004865463,,,,
2.41E-05,2.60E-05,1.86E-06,1.000024108,1.00002597,1.000001862,0.009820729,0.009820492,0.009820474,0.004953408,-0.004867322,0.004953521,-0.004866971,0.004952103,-0.004868371,,,,
3.00E-05,4.84E-05,1.84E-05,1.000029987,1.000048356,1.000018368,0.009818539,0.009818244,0.009818064,0.004956665,-0.004861873,0.004956911,-0.004861333,0.004955311,-0.004862753,,,,
4.27E-05,3.18E-05,-1.09E-05,1.000042709,1.000031773,0.999989064,0.009820111,0.009819691,0.009819799,0.004956045,-0.004864066,0.004956311,-0.00486338,0.004954916,-0.004864882,,,,
1.47E-05,-1.02E-05,-2.49E-05,1.000014733,0.999989821,0.999975089,0.00983075,0.009830605,0.00983085,0.004963206,-0.004867544,0.004963676,-0.004866929,0.00496239,-0.00486846,,,,
1.24E-05,2.24E-05,9.97E-06,1.000012428,1.000022402,1.000009973,0.009824456,0.009824334,0.009824236,0.004957878,-0.004866578,0.004958192,-0.004866142,0.004956538,-0.004867698,,,,
2.10E-05,1.32E-05,-7.86E-06,1.000021044,1.00001318,0.999992136,0.009826359,0.009826153,0.00982623,0.004959803,-0.004866556,0.004960119,-0.004866033,0.004958546,-0.004867684,,,,
-8.26E-06,1.79E-05,2.61E-05,0.99999174,1.000017864,1.000026125,0.009829224,0.009829305,0.009829049,0.004956378,-0.004872846,0.004956604,-0.004872701,0.004954927,-0.004874122,,,,
-5.29E-07,1.25E-05,1.30E-05,0.999999471,1.000012498,1.000013026,0.009820119,0.009820125,0.009819997,0.004954094,-0.004866025,0.004954177,-0.004865948,0.004952741,-0.004867255,,,,
9.49E-06,1.05E-05,1.05E-06,1.000009493,1.000010545,1.000001052,0.009828512,0.009828419,0.009828408,0.00495922,-0.004869292,0.004959315,-0.004869104,0.00495806,-0.004870348,,,,
1.21E-05,1.60E-05,3.91E-06,1.000012089,1.000016003,1.000003914,0.009824005,0.009823886,0.009823848,0.004954244,-0.004869761,0.004954399,-0.004869488,0.004953118,-0.00487073,,,,
3.49E-06,5.17E-06,1.68E-06,1.00000349,1.000005167,1.000001678,0.00982894,0.009828906,0.00982889,0.004956475,-0.004872466,0.004956753,-0.004872153,0.004955332,-0.004873558,,,,
,,,,,,,,,,,,,,,,,,
Input voltage = 0.05,,,,,,,,,,,,,,,,,,
Running at a PLC of 1,,,,,,,,,,,,,,,,,,
GE1, GE2, GE3, ratio12, ratio13, ratio23, diff1, diff2, diff3, r11, r12, r21, r22, r31, r32,,,,
0.00011583,0.000105423,-1.04E-05,1.00011583,1.000105423,0.999989594,0.099119865,0.099108385,0.099109416,0.049599841,-0.049520024,0.049598329,-0.049510056,0.049598255,-0.049511161,Average,0.00%,0.00%,0.00%
-3.82E-05,3.71E-06,4.19E-05,0.999961771,1.000003712,1.000041942,0.099090902,0.099094691,0.099090535,0.049588442,-0.04950246,0.049592805,-0.049501886,0.049587157,-0.049503378,Max,0.02%,0.01%,0.01%
3.78E-06,2.51E-06,-1.27E-06,1.000003781,1.00000251,0.999998729,0.099098569,0.099098195,0.099098321,0.04959308,-0.04950549,0.049592254,-0.049505941,0.049591541,-0.04950678,Min,-0.01%,-0.02%,-0.02%
0.000127834,0.000119322,-8.51E-06,1.000127834,1.000119322,0.999991489,0.099107505,0.099094837,0.099095681,0.049587019,-0.049520486,0.049586693,-0.049508145,0.049585886,-0.049509795,Spread,0.03%,0.03%,0.03%
9.83E-06,3.84E-06,-5.98E-06,1.000009829,1.000003844,0.999994015,0.099105002,0.099104028,0.099104621,0.049595676,-0.049509327,0.049594767,-0.049509262,0.049594171,-0.049510451,,,,
7.38E-06,-6.42E-06,-1.38E-05,1.000007375,0.999993575,0.9999862,0.099101925,0.099101194,0.099102561,0.04958547,-0.049516454,0.049585561,-0.049515633,0.049584567,-0.049517994,,,,
3.35E-05,3.87E-05,5.29E-06,1.000033458,1.000038749,1.000005291,0.099100405,0.09909709,0.099096565,0.049587386,-0.04951302,0.04958401,-0.049513079,0.049582668,-0.049513897,,,,
9.33E-06,-0.000158682,-0.000168015,1.000009334,0.999841318,0.999831985,0.099092885,0.09909196,0.099108612,0.049584205,-0.049508681,0.049583417,-0.049508544,0.04958312,-0.049525492,,,,
-2.35E-05,1.09E-05,3.44E-05,0.999976529,1.00001089,1.000034361,0.099094929,0.099097255,0.09909385,0.049585274,-0.049509655,0.049588208,-0.049509047,0.049583375,-0.049510476,,,,
-2.77E-05,1.15E-05,3.92E-05,0.999972259,1.000011476,1.000039218,0.099096195,0.099098944,0.099095058,0.049588147,-0.049508048,0.049590882,-0.049508062,0.049586138,-0.04950892,,,,
-2.30E-05,8.31E-06,3.13E-05,0.999976986,1.000008315,1.00003133,0.099102003,0.099104284,0.099101179,0.049588397,-0.049513606,0.049591173,-0.049513111,0.049587179,-0.049514,,,,
6.33E-06,2.10E-05,1.47E-05,1.00000633,1.000021025,1.000014695,0.099104605,0.099103978,0.099102521,0.049587556,-0.049517049,0.049586849,-0.049517129,0.049585122,-0.049517399,,,,
7.11E-05,4.86E-05,-2.25E-05,1.000071111,1.000048626,0.999977517,0.099104621,0.099097575,0.099099803,0.049593001,-0.04951162,0.049586787,-0.049510788,0.049586451,-0.049513352,,,,
-1.50E-06,-0.000160038,-0.000158541,0.999998503,0.999839962,0.999841459,0.099092035,0.099092183,0.099107896,0.049584009,-0.049508026,0.049584193,-0.04950799,0.049582704,-0.049525192,,,,
0.000105331,0.000126454,2.11E-05,1.000105331,1.000126454,1.000021121,0.099106116,0.099095678,0.099093585,0.049583747,-0.049522369,0.049586119,-0.049509559,0.049581408,-0.049512177,,,,
1.82E-05,-2.05E-06,-2.03E-05,1.000018242,0.999997949,0.999979707,0.09907951,0.099077703,0.099079714,0.049575598,-0.049503913,0.049574568,-0.049503135,0.04957447,-0.049505244,,,,
-3.89E-05,-2.58E-06,3.63E-05,0.999961082,0.999997424,1.000036344,0.099083888,0.099087745,0.099084144,0.049577562,-0.049506326,0.049582026,-0.049505719,0.049576136,-0.049508007,,,,
1.12E-06,3.86E-06,2.74E-06,1.00000112,1.000003863,1.000002743,0.099088701,0.09908859,0.099088319,0.04957593,-0.049512772,0.049575751,-0.04951284,0.049574122,-0.049514197,,,,
0.000147241,0.000137297,-9.94E-06,1.000147241,1.000137297,0.999990057,0.099101875,0.099087285,0.099088271,0.049581346,-0.049520529,0.049581356,-0.04950593,0.049580097,-0.049508174,,,,
-6.62E-07,4.42E-06,5.08E-06,0.999999338,1.000004419,1.000005081,0.099091111,0.099091177,0.099090673,0.049584656,-0.049506455,0.049585083,-0.049506094,0.049583347,-0.049507327,,,,
-6.94E-05,3.45E-06,7.28E-05,0.999930619,1.000003454,1.000072839,0.099085355,0.09909223,0.099085013,0.049574098,-0.049511257,0.049581118,-0.049511112,0.049572246,-0.049512767,,,,
1.10E-07,-6.12E-06,-6.23E-06,1.00000011,0.999993875,0.999993765,0.099085987,0.099085977,0.099086594,0.049579647,-0.049506341,0.049579823,-0.049506154,0.049578163,-0.049508431,,,,
8.47E-06,1.33E-05,4.82E-06,1.000008472,1.000013296,1.000004824,0.099090181,0.099089341,0.099088863,0.049578754,-0.049511427,0.049579144,-0.049510197,0.049577067,-0.049511797,,,,
-9.38E-06,-8.10E-06,1.27E-06,0.999990625,0.999991898,1.000001274,0.099091061,0.09909199,0.099091863,0.049585834,-0.049505227,0.049586222,-0.049505767,0.049584502,-0.049507362,,,,
4.89E-05,4.33E-06,-4.46E-05,1.000048946,1.00000433,0.999955386,0.099092948,0.099088098,0.099092519,0.049589542,-0.049503406,0.049584476,-0.049503622,0.049587023,-0.049505496,,,,
5.25E-05,4.21E-05,-1.04E-05,1.000052522,1.000042134,0.999989613,0.099094059,0.099088855,0.099089884,0.049587175,-0.049506884,0.049582055,-0.0495068,0.04958043,-0.049509454,,,,
1.03E-05,1.05E-07,-1.02E-05,1.000010337,1.000000105,0.999989768,0.099089287,0.099088263,0.099089277,0.049578806,-0.049510481,0.049578193,-0.04951007,0.049576777,-0.0495125,,,,
-3.93E-07,-2.25E-06,-1.86E-06,0.999999607,0.999997751,0.999998144,0.099083285,0.099083324,0.099083508,0.049580977,-0.049502308,0.049581182,-0.049502142,0.04957951,-0.049503999,,,,
-5.69E-06,-1.17E-05,-5.98E-06,0.999994306,0.999988326,0.999994019,0.099087202,0.099087766,0.099088359,0.049584447,-0.049502755,0.049584081,-0.049503685,0.049583334,-0.049505025,,,,
-7.12E-06,-0.000114064,-0.000106942,0.999992877,0.999885936,0.999893058,0.099084921,0.099085627,0.099096225,0.049575343,-0.049509578,0.049575653,-0.049509974,0.049573189,-0.049523036,,,,
-8.80E-07,0.000146745,0.000147625,0.99999912,1.000146745,1.000147625,0.099102471,0.099102558,0.09908793,0.049580735,-0.049521736,0.049580208,-0.04952235,0.049578524,-0.049509406,,,,
5.49E-06,-0.000161986,-0.000167479,1.000005494,0.999838014,0.999832521,0.099083553,0.099083009,0.099099606,0.049577313,-0.049506241,0.049577671,-0.049505338,0.049575819,-0.049523788,,,,
4.57E-05,4.42E-05,-1.55E-06,1.000045712,1.000044167,0.999998455,0.099092471,0.099087941,0.099088094,0.049584983,-0.049507487,0.04958061,-0.049507331,0.049579114,-0.04950898,,,,
0.000111727,0.000148339,3.66E-05,1.000111727,1.000148339,1.000036608,0.099101849,0.099090778,0.099087151,0.049587081,-0.049514768,0.049589718,-0.04950106,0.049584733,-0.049502417,,,,
-0.000134975,2.98E-06,0.000137974,0.999865025,1.00000298,1.000137974,0.099097579,0.099110957,0.099097284,0.04959076,-0.04950682,0.049589917,-0.04952104,0.04958871,-0.049508574,,,,
-0.000125392,-0.000126466,-1.07E-06,0.999874608,0.999873534,0.999998925,0.099093147,0.099105573,0.09910568,0.049586428,-0.049506718,0.049585954,-0.04951962,0.049585036,-0.049520644,,,,
-0.00013527,-4.86E-06,0.000130424,0.99986473,0.999995136,1.000130424,0.099094248,0.099107654,0.09909473,0.04958801,-0.049506238,0.049587065,-0.04952059,0.049586491,-0.049508239,,,,
8.35E-06,4.41E-06,-3.94E-06,1.000008347,1.000004411,0.999996064,0.099090014,0.099089187,0.099089577,0.049584235,-0.049505779,0.049582841,-0.049506346,0.049581398,-0.049508179,,,,
0.00015982,0.000140381,-1.94E-05,1.00015982,1.000140381,0.999980565,0.099102547,0.099086711,0.099088637,0.049584328,-0.049518218,0.049583785,-0.049502926,0.049583229,-0.049505408,,,,
2.27E-06,-8.40E-06,-1.07E-05,1.000002274,0.999991599,0.999989325,0.099091303,0.099091078,0.099092136,0.049585098,-0.049506205,0.049584595,-0.049506483,0.049583297,-0.049508839,,,,
,,,,,,,,,,,,,,,,,,
Input voltage = 0.05,,,,,,,,,,,,,,,,,,
Running at a PLC of 10,,,,,,,,,,,,,,,,,,
GE1, GE2, GE3, ratio12, ratio13, ratio23, diff1, diff2, diff3, r11, r12, r21, r22, r31, r32,,,,
3.30E-05,3.03E-05,-2.73E-06,1.000033042,1.000030309,0.999997267,0.09912337,0.099120095,0.099120365,0.049589771,-0.049533598,0.049589529,-0.049530566,0.049587976,-0.04953239,Average,0.0009%,0.0013%,0.0005%
3.30E-05,2.89E-05,-4.06E-06,1.000032998,1.000028938,0.99999594,0.099120634,0.099117363,0.099117765,0.049589659,-0.049530975,0.049589139,-0.049528224,0.049587662,-0.049530103,Max,0.0048%,0.0047%,0.0042%
3.21E-05,3.55E-05,3.42E-06,1.00003206,1.000035481,1.00000342,0.099116637,0.099113459,0.09911312,0.049581737,-0.049534899,0.049581097,-0.049532362,0.049579327,-0.049533794,Min,-0.0038%,-0.0030%,-0.0032%
-1.14E-05,1.16E-05,2.31E-05,0.999988566,1.000011623,1.000023057,0.099117253,0.099118387,0.099116101,0.049584723,-0.04953253,0.049583758,-0.049534629,0.049582435,-0.049533666,Spread,0.0086%,0.0077%,0.0074%
-3.18E-05,8.59E-06,4.04E-05,0.999968236,1.000008592,1.000040356,0.099110236,0.099113384,0.099109384,0.049579076,-0.04953116,0.049580172,-0.049533212,0.049577308,-0.049532077,,,,
4.84E-05,4.71E-05,-1.30E-06,1.000048389,1.000047091,0.999998701,0.099117564,0.099112768,0.099112897,0.049584411,-0.049533153,0.049583308,-0.049529461,0.049581844,-0.049531054,,,,
4.15E-05,4.32E-05,1.77E-06,1.00004148,1.000043245,1.000001766,0.099118122,0.09911401,0.099113835,0.049583277,-0.049534844,0.049581949,-0.049532061,0.049580239,-0.049533597,,,,
-8.36E-06,1.41E-05,2.24E-05,0.999991642,1.000014073,1.000022431,0.099115211,0.099116039,0.099113816,0.049582934,-0.049532277,0.049581437,-0.049534603,0.049580216,-0.0495336,,,,
-3.80E-05,4.23E-06,4.22E-05,0.999962038,1.000004234,1.000042198,0.099115703,0.099119466,0.099115284,0.049590429,-0.049525274,0.049590997,-0.049528469,0.049588794,-0.04952649,,,,
-3.09E-05,5.13E-06,3.61E-05,0.999969056,1.000005128,1.000036073,0.099116034,0.099119102,0.099115526,0.04959277,-0.049523265,0.049593251,-0.049525851,0.049591148,-0.049524378,,,,
-5.27E-06,2.31E-05,2.84E-05,0.999994731,1.000023106,1.000028376,0.099122392,0.099122915,0.099120102,0.049594264,-0.049528129,0.049594536,-0.049528378,0.049592482,-0.04952762,,,,
1.97E-06,3.47E-05,3.28E-05,1.000001965,1.000034744,1.000032779,0.09912516,0.099124965,0.099121716,0.049590277,-0.049534883,0.049590094,-0.049534872,0.049587551,-0.049534166,,,,
-2.41E-05,1.03E-05,3.44E-05,0.999975896,1.000010259,1.000034364,0.099117728,0.099120117,0.099116711,0.049585765,-0.049531963,0.049586278,-0.049533839,0.049583643,-0.049533068,,,,
3.90E-05,3.82E-05,-8.15E-07,1.00003904,1.000038225,0.999999185,0.099130337,0.099126467,0.099126548,0.049591295,-0.049539042,0.049590493,-0.049535974,0.049588622,-0.049537925,,,,
3.19E-05,3.46E-05,2.70E-06,1.000031883,1.000034587,1.000002704,0.099124929,0.099121769,0.099121501,0.049590868,-0.049534061,0.049590303,-0.049531466,0.049588572,-0.04953293,,,,
3.87E-05,3.95E-05,7.96E-07,1.00003874,1.000039536,1.000000796,0.099125293,0.099121453,0.099121374,0.049587163,-0.04953813,0.04958615,-0.049535303,0.049584748,-0.049536626,,,,
7.03E-06,5.94E-06,-1.09E-06,1.000007034,1.000005943,0.999998908,0.09911644,0.099115742,0.099115851,0.049583361,-0.049533078,0.04958296,-0.049532782,0.04958161,-0.04953424,,,,
2.79E-06,4.99E-06,2.20E-06,1.000002791,1.000004994,1.000002203,0.099118475,0.099118198,0.09911798,0.049582385,-0.04953609,0.04958218,-0.049536018,0.049580736,-0.049537244,,,,
3.34E-05,3.34E-05,6.26E-08,1.000033359,1.000033421,1.000000063,0.099122441,0.099119135,0.099119128,0.049583583,-0.049538858,0.049583247,-0.049535888,0.049581756,-0.049537372,,,,
2.86E-05,1.25E-05,-1.61E-05,1.000028574,1.000012512,0.999983939,0.099120754,0.099117922,0.099119514,0.049579545,-0.04954121,0.049578942,-0.04953898,0.049577169,-0.049542346,,,,
4.19E-06,2.51E-06,-1.68E-06,1.000004191,1.000002513,0.999998322,0.099114927,0.099114511,0.099114678,0.049582019,-0.049532908,0.049581773,-0.049532739,0.049580368,-0.04953431,,,,
3.37E-06,-2.36E-05,-2.69E-05,1.000003373,0.999976431,0.999973059,0.099116676,0.099116341,0.099119012,0.049583591,-0.049533085,0.049583478,-0.049532863,0.049582416,-0.049536596,,,,
3.64E-05,2.76E-05,-8.81E-06,1.000036379,1.000027564,0.999991185,0.099121335,0.099117729,0.099118603,0.049588868,-0.049532467,0.049587977,-0.049529752,0.049587011,-0.049531592,,,,
-1.99E-05,1.21E-06,2.12E-05,0.999980057,1.00000121,1.000021154,0.099118305,0.099120282,0.099118185,0.049586173,-0.049532132,0.049586246,-0.049534036,0.049584736,-0.049533449,,,,
3.31E-07,-1.00E-05,-1.04E-05,1.000000331,0.999989957,0.999989626,0.099115349,0.099115316,0.099116344,0.049585732,-0.049529617,0.049585293,-0.049530023,0.049585345,-0.049530999,,,,
5.16E-06,-2.65E-05,-3.16E-05,1.000005157,0.999973538,0.999968382,0.099117878,0.099117367,0.099120501,0.049597702,-0.049520177,0.049597465,-0.049519902,0.049596616,-0.049523886,,,,
1.02E-05,6.17E-06,-4.03E-06,1.000010199,1.000006172,0.999995974,0.09912259,0.099121579,0.099121978,0.049597224,-0.049525366,0.04959665,-0.04952493,0.049595154,-0.049526824,,,,
-1.53E-06,-3.02E-05,-2.86E-05,0.999998467,0.999969819,0.999971351,0.099115527,0.099115679,0.099118519,0.049590646,-0.049524882,0.04959078,-0.049524899,0.049588911,-0.049529607,,,,
6.33E-06,-5.11E-06,-1.14E-05,1.000006327,0.999994887,0.99998856,0.099115315,0.099114688,0.099115821,0.049589183,-0.049526132,0.04958879,-0.049525897,0.049588115,-0.049527706,,,,
2.51E-06,5.57E-07,-1.95E-06,1.000002508,1.000000557,0.999998049,0.099116347,0.099116099,0.099116292,0.049585132,-0.049531215,0.049584926,-0.049531172,0.049583301,-0.049532991,,,,
4.48E-06,7.71E-06,3.23E-06,1.00000448,1.000007708,1.000003229,0.09911751,0.099117066,0.099116746,0.049591613,-0.049525897,0.049591453,-0.049525613,0.049589502,-0.049527244,,,,
8.03E-06,6.32E-06,-1.71E-06,1.000008035,1.000006322,0.999998287,0.099117766,0.09911697,0.09911714,0.04959346,-0.049524307,0.049593355,-0.049523615,0.04959156,-0.04952558,,,,
6.62E-06,2.44E-06,-4.18E-06,1.000006619,1.000002442,0.999995823,0.099116137,0.099115481,0.099115895,0.049595075,-0.049521063,0.04959479,-0.049520692,0.049593249,-0.049522647,,,,
6.45E-06,8.96E-06,2.51E-06,1.000006446,1.000008961,1.000002514,0.099113412,0.099112773,0.099112524,0.049588082,-0.04952533,0.049587788,-0.049524985,0.049585816,-0.049526708,,,,
1.06E-05,-2.19E-06,-1.28E-05,1.00001064,0.99999781,0.99998717,0.099115272,0.099114217,0.099115489,0.049586845,-0.049528426,0.049586318,-0.049527899,0.049585929,-0.04952956,,,,
8.37E-06,5.25E-06,-3.12E-06,1.000008374,1.000005251,0.999996876,0.099114436,0.099113606,0.099113915,0.049584444,-0.049529992,0.04958391,-0.049529696,0.049582447,-0.049531468,,,,
6.15E-06,4.36E-06,-1.79E-06,1.000006149,1.000004358,0.999998209,0.099120228,0.099119618,0.099119796,0.049590225,-0.049530003,0.049589765,-0.049529853,0.049588294,-0.049531501,,,,
7.57E-06,2.93E-05,2.17E-05,1.000007574,1.000029273,1.000021699,0.099124069,0.099123318,0.099121167,0.049588256,-0.049535813,0.049587787,-0.049535531,0.049586664,-0.049534504,,,,
3.54E-06,2.50E-05,2.14E-05,1.000003538,1.000024978,1.00002144,0.099122417,0.099122067,0.099119942,0.049588124,-0.049534294,0.049588002,-0.049534065,0.049586576,-0.049533366,,,,
9.90E-06,3.77E-05,2.78E-05,1.000009895,1.000037663,1.000027768,0.099129674,0.099128693,0.099125941,0.049591045,-0.04953863,0.049590578,-0.049538116,0.049588907,-0.049537034,,,,
,,,,,,,,,,,,,,,,,,
Input voltage = 0.05,,,,,,,,,,,,,,,,,,
Running at a PLC of 100,,,,,,,,,,,,,,,,,,
GE1, GE2, GE3, ratio12, ratio13, ratio23, diff1, diff2, diff3, r11, r12, r21, r22, r31, r32,,,,
4.89E-06,5.57E-06,6.79E-07,1.000004887,1.000005566,1.000000679,0.099128235,0.099127751,0.099127684,0.04959314,-0.049535096,0.049592958,-0.049534793,0.049591635,-0.049536049,Average,0.0007%,0.0007%,0.0001%
5.79E-06,1.13E-05,5.49E-06,1.000005788,1.000011283,1.000005495,0.099128861,0.099128287,0.099127742,0.049595492,-0.049533369,0.049595322,-0.049532965,0.049593731,-0.049534011,Max,0.0012%,0.0013%,0.0005%
6.29E-06,7.68E-06,1.39E-06,1.00000629,1.00000768,1.00000139,0.09912498,0.099124356,0.099124219,0.04959006,-0.04953492,0.049589738,-0.049534618,0.049588167,-0.049536052,Min,0.0002%,0.0003%,-0.0004%
7.21E-06,8.27E-06,1.06E-06,1.000007208,1.000008271,1.000001062,0.09912333,0.099122615,0.09912251,0.049589095,-0.049534234,0.049588749,-0.049533866,0.049587234,-0.049535276,Spread,0.0010%,0.0010%,0.0009%
7.52E-06,6.96E-06,-5.57E-07,1.00000752,1.000006963,0.999999443,0.099126338,0.099125593,0.099125648,0.049589005,-0.049537333,0.049588753,-0.049536839,0.049587329,-0.049538319,,,,
6.98E-06,1.10E-05,3.99E-06,1.000006982,1.000010977,1.000003995,0.099126565,0.099125873,0.099125477,0.049585909,-0.049540656,0.049585809,-0.049540064,0.049584188,-0.049541289,,,,
5.06E-06,4.51E-06,-5.52E-07,1.000005058,1.000004507,0.999999448,0.099122797,0.099122295,0.09912235,0.04958279,-0.049540007,0.049582542,-0.049539753,0.049581177,-0.049541173,,,,
2.05E-06,6.82E-06,4.77E-06,1.000002053,1.000006823,1.00000477,0.099118486,0.099118283,0.09911781,0.04958925,-0.049529236,0.049589035,-0.049529248,0.049587613,-0.049530197,,,,
6.88E-06,7.28E-06,4.00E-07,1.000006879,1.000007279,1.0000004,0.099124174,0.099123493,0.099123453,0.049595246,-0.049528928,0.049594828,-0.049528665,0.049593515,-0.049529938,,,,
1.18E-05,1.27E-05,9.33E-07,1.000011756,1.000012689,1.000000933,0.099123508,0.099122343,0.09912225,0.049590431,-0.049533077,0.049590124,-0.049532219,0.049588836,-0.049533414,,,,
5.26E-06,6.17E-06,9.04E-07,1.000005262,1.000006166,1.000000904,0.099120034,0.099119513,0.099119423,0.049584404,-0.04953563,0.049584195,-0.049535317,0.04958286,-0.049536563,,,,
7.88E-06,7.33E-06,-5.51E-07,1.000007882,1.000007331,0.999999449,0.099123326,0.099122545,0.099122599,0.049586714,-0.049536612,0.04958638,-0.049536165,0.04958532,-0.049537279,,,,
6.43E-06,6.22E-06,-2.14E-07,1.000006435,1.000006221,0.999999786,0.099122408,0.09912177,0.099121791,0.049584301,-0.049538106,0.049583938,-0.049537831,0.049582772,-0.049539019,,,,
6.89E-06,4.80E-06,-2.09E-06,1.000006889,1.000004798,0.999997909,0.099124803,0.09912412,0.099124327,0.049592133,-0.04953267,0.049591704,-0.049532416,0.049590833,-0.049533494,,,,
5.72E-06,6.37E-06,6.44E-07,1.000005725,1.000006369,1.000000644,0.099128865,0.099128298,0.099128234,0.049592311,-0.049536554,0.049592037,-0.049536261,0.049590884,-0.049537351,,,,
5.01E-06,5.70E-06,6.90E-07,1.000005015,1.000005705,1.00000069,0.09913119,0.099130693,0.099130625,0.049590122,-0.049541068,0.049589789,-0.049540904,0.04958856,-0.049542064,,,,
8.35E-06,8.60E-06,2.54E-07,1.000008351,1.000008605,1.000000254,0.099117951,0.099117123,0.099117098,0.049582403,-0.049535548,0.049581864,-0.049535259,0.049580512,-0.049536586,,,,
5.81E-06,6.09E-06,2.89E-07,1.000005806,1.000006094,1.000000289,0.099130149,0.099129574,0.099129545,0.049588116,-0.049542033,0.049587761,-0.049541813,0.049586324,-0.049543221,,,,
7.53E-06,7.68E-06,1.52E-07,1.000007533,1.000007685,1.000000152,0.099128985,0.099128238,0.099128223,0.049587547,-0.049541438,0.049587184,-0.049541054,0.049585527,-0.049542696,,,,
5.77E-06,6.87E-06,1.10E-06,1.000005768,1.000006868,1.0000011,0.09911792,0.099117348,0.099117239,0.049582322,-0.049535598,0.049582088,-0.04953526,0.049580369,-0.04953687,,,,
6.71E-06,6.41E-06,-3.03E-07,1.000006711,1.000006408,0.999999697,0.099124139,0.099123474,0.099123504,0.049587336,-0.049536803,0.049587028,-0.049536446,0.049585294,-0.04953821,,,,
9.37E-06,9.77E-06,4.00E-07,1.000009373,1.000009772,1.0000004,0.09911859,0.099117661,0.099117622,0.049588157,-0.049530433,0.049587918,-0.049529743,0.049586136,-0.049531485,,,,
6.53E-06,6.83E-06,3.01E-07,1.000006526,1.000006826,1.000000301,0.099129768,0.099129121,0.099129092,0.049588156,-0.049541612,0.049588045,-0.049541076,0.049586382,-0.049542709,,,,
8.90E-06,6.61E-06,-2.29E-06,1.000008904,1.000006614,0.99999771,0.099124519,0.099123636,0.099123863,0.049588969,-0.04953555,0.04958861,-0.049535027,0.049587102,-0.049536761,,,,
7.20E-06,8.38E-06,1.18E-06,1.000007196,1.000008378,1.000001181,0.099123376,0.099122663,0.099122546,0.049583169,-0.049540207,0.04958296,-0.049539703,0.049581229,-0.049541317,,,,
7.28E-06,7.08E-06,-1.99E-07,1.000007279,1.000007081,0.999999801,0.099115535,0.099114814,0.099114833,0.049580225,-0.04953531,0.049579767,-0.049535047,0.049578296,-0.049536537,,,,
6.78E-06,9.12E-06,2.33E-06,1.000006785,1.000009115,1.00000233,0.099122205,0.099121533,0.099121302,0.049591184,-0.049531021,0.049591091,-0.049530441,0.049589312,-0.04953199,,,,
3.68E-06,8.18E-06,4.50E-06,1.000003675,1.000008176,1.0000045,0.099124782,0.099124418,0.099123971,0.04958815,-0.049536631,0.049588013,-0.049536405,0.049586436,-0.049537536,,,,
5.22E-06,7.57E-06,2.34E-06,1.000005222,1.000007565,1.000002344,0.099122517,0.099122,0.099121768,0.049584955,-0.049537562,0.04958478,-0.04953722,0.049583186,-0.049538582,,,,
7.01E-06,3.10E-06,-3.91E-06,1.000007008,1.000003096,0.999996088,0.09912465,0.099123956,0.099124343,0.049584612,-0.049540039,0.049584244,-0.049539711,0.049582947,-0.049541396,,,,
4.05E-06,7.15E-06,3.10E-06,1.000004052,1.000007148,1.000003096,0.099128872,0.099128471,0.099128164,0.049588639,-0.049540234,0.049588309,-0.049540162,0.049586801,-0.049541363,,,,
6.78E-06,6.98E-06,2.02E-07,1.000006775,1.000006977,1.000000202,0.099129261,0.09912859,0.09912857,0.049588326,-0.049540936,0.049587997,-0.049540593,0.049586572,-0.049541998,,,,
7.00E-06,7.80E-06,7.92E-07,1.000007003,1.000007795,1.000000792,0.099114537,0.099113842,0.099113764,0.049584099,-0.049530438,0.049583791,-0.049530052,0.049582361,-0.049531403,,,,
5.50E-06,5.11E-06,-3.87E-07,1.000005497,1.00000511,0.999999613,0.09912734,0.099126795,0.099126834,0.049590304,-0.049537036,0.049589946,-0.04953685,0.049588685,-0.049538149,,,,
5.85E-06,7.29E-06,1.44E-06,1.000005848,1.000007293,1.000001445,0.099124304,0.099123724,0.099123581,0.049588011,-0.049536293,0.049587722,-0.049536003,0.049586191,-0.04953739,,,,
1.13E-05,1.00E-05,-1.24E-06,1.000011261,1.000010021,0.99999876,0.099120033,0.099118917,0.09911904,0.049587252,-0.049532781,0.049586815,-0.049532102,0.049585297,-0.049533743,,,,
5.42E-06,7.19E-06,1.78E-06,1.000005419,1.000007195,1.000001776,0.099127036,0.099126499,0.099126323,0.049587342,-0.049539694,0.049587235,-0.049539264,0.049585454,-0.049540869,,,,
6.58E-06,6.58E-06,-6.05E-09,1.000006582,1.000006576,0.999999994,0.099115484,0.099114831,0.099114832,0.04958632,-0.049529163,0.049586168,-0.049528663,0.049584467,-0.049530365,,,,
8.13E-06,7.57E-06,-5.64E-07,1.000008134,1.00000757,0.999999436,0.099118082,0.099117275,0.099117331,0.049590426,-0.049527656,0.049590226,-0.049527049,0.049588567,-0.049528764,,,,
7.35E-06,5.84E-06,-1.52E-06,1.000007355,1.000005835,0.999998481,0.099118575,0.099117846,0.099117997,0.049590081,-0.049528495,0.049589927,-0.049527919,0.049588265,-0.049529732,,,,
,,,,,,,,,,,,,,,,,,
Input voltage = 0.5,,,,,,,,,,,,,,,,,,
Running at a PLC of 1,,,,,,,,,,,,,,,,,,
GE1, GE2, GE3, ratio12, ratio13, ratio23, diff1, diff2, diff3, r11, r12, r21, r22, r31, r32,,,,
-8.67E-06,-1.34E-05,-4.72E-06,0.999991331,0.999986613,0.999995282,0.991747814,0.991756412,0.991761091,0.495948142,-0.495799672,0.49595201,-0.495804402,0.495951614,-0.495809477,Average,0.00%,0.00%,0.00%
-4.89E-06,-1.01E-05,-5.25E-06,0.999995113,0.999989861,0.999994749,0.991726757,0.991731604,0.991736812,0.495939951,-0.495786806,0.495940213,-0.495791391,0.495940699,-0.495796113,Max,0.00%,0.00%,0.00%
-1.69E-05,-1.16E-05,5.35E-06,0.99998309,0.999988442,1.000005352,0.991716326,0.991733096,0.991727788,0.495929975,-0.495786351,0.495943971,-0.495789125,0.49593389,-0.495793898,Min,0.00%,0.00%,0.00%
-8.14E-06,-2.02E-05,-1.20E-05,0.99999186,0.999979818,0.999987958,0.991746325,0.991754398,0.991766341,0.495934415,-0.49581191,0.49593877,-0.495815628,0.495946673,-0.495819668,Spread,0.01%,0.01%,0.01%
-4.23E-06,-6.67E-06,-2.44E-06,0.999995771,0.999993331,0.99999756,0.991731055,0.991735249,0.991737669,0.495939586,-0.495791469,0.495939365,-0.495795884,0.495937443,-0.495800226,,,,
-3.13E-06,4.09E-07,3.54E-06,0.999996873,1.000000409,1.000003536,0.991770297,0.991773398,0.991769891,0.495930407,-0.49583989,0.495943252,-0.495830146,0.495935575,-0.495834316,,,,
-6.84E-06,-1.10E-05,-4.21E-06,0.999993164,0.999988951,0.999995787,0.991735289,0.991742069,0.991746247,0.49593296,-0.495802329,0.495936528,-0.495805541,0.495936714,-0.495809533,,,,
-7.81E-06,-3.56E-05,-2.78E-05,0.99999219,0.999964369,0.999972179,0.991738008,0.991745754,0.991773346,0.495934666,-0.495803342,0.495937959,-0.495807795,0.495938829,-0.495834517,,,,
-2.01E-06,-8.28E-06,-6.26E-06,0.999997986,0.999991722,0.999993735,0.99174305,0.991745047,0.99175126,0.495938383,-0.495804667,0.495936404,-0.495808643,0.495936964,-0.495814296,,,,
1.98E-05,1.45E-05,-5.31E-06,1.000019836,1.000014523,0.999994687,0.99175563,0.991735958,0.991741227,0.495929472,-0.495826158,0.495931871,-0.495804087,0.495932201,-0.495809026,,,,
1.13E-05,1.37E-05,2.37E-06,1.000011344,1.00001371,1.000002367,0.991751294,0.991740044,0.991737697,0.495929333,-0.495821961,0.49593877,-0.495801274,0.495930789,-0.495806908,,,,
-1.87E-05,-1.36E-05,5.14E-06,0.999981304,0.999986439,1.000005135,0.99172596,0.991744502,0.991739409,0.495935375,-0.495790585,0.495948999,-0.495795503,0.495938528,-0.495800881,,,,
2.08E-05,1.60E-05,-4.78E-06,1.00002083,1.000016045,0.999995215,0.991758273,0.991737615,0.99174236,0.495935869,-0.495822404,0.495939288,-0.495798327,0.495940366,-0.495801994,,,,
2.10E-05,1.51E-05,-5.84E-06,1.000020982,1.000015144,0.999994162,0.991755741,0.991734932,0.991740722,0.495938168,-0.495817573,0.495940807,-0.495794125,0.495942787,-0.495797935,,,,
-8.14E-06,-2.07E-05,-1.25E-05,0.999991859,0.999979349,0.99998749,0.991726745,0.991734819,0.991747226,0.495937917,-0.495788828,0.495941644,-0.495793175,0.495948865,-0.495798361,,,,
-8.95E-06,-3.60E-05,-2.70E-05,0.999991051,0.999964036,0.999972985,0.991734552,0.991743427,0.99177022,0.495938281,-0.495796271,0.495942076,-0.495801351,0.495941704,-0.495828516,,,,
-7.87E-06,-3.87E-05,-3.08E-05,0.999992132,0.999961282,0.99996915,0.991731066,0.991738869,0.991769465,0.49593899,-0.495792076,0.495943262,-0.495795607,0.495944125,-0.49582534,,,,
-1.97E-05,-1.36E-05,6.07E-06,0.999980287,0.999986355,1.000006068,0.991726558,0.991746108,0.99174009,0.495940673,-0.495785885,0.495955718,-0.49579039,0.495944601,-0.495795489,,,,
-8.61E-06,-1.29E-05,-4.28E-06,0.99999139,0.999987112,0.999995722,0.991730835,0.991739374,0.991743617,0.49594306,-0.495787775,0.495947073,-0.495792301,0.495946694,-0.495796923,,,,
-7.50E-06,1.82E-05,2.57E-05,0.9999925,1.000018233,1.000025733,0.991765836,0.991773274,0.991747753,0.495946463,-0.495819373,0.495950517,-0.495822757,0.495950679,-0.495797074,,,,
-2.91E-05,-1.30E-05,1.62E-05,0.999970882,0.999987039,1.000016157,0.991737426,0.991766304,0.99175028,0.49594894,-0.495788486,0.495951083,-0.495815221,0.495953049,-0.495797231,,,,
-3.84E-05,-1.50E-05,2.34E-05,0.99996155,0.999984999,1.00002345,0.991722899,0.991761032,0.991737776,0.495938824,-0.495784075,0.495943578,-0.495817454,0.495944833,-0.495792943,,,,
-8.33E-06,-1.31E-05,-4.75E-06,0.999991669,0.999986923,0.999995254,0.991725304,0.991733566,0.991738273,0.49593884,-0.495786464,0.495942453,-0.495791113,0.49594334,-0.495794933,,,,
-7.82E-06,-3.67E-05,-2.88E-05,0.999992175,0.999963347,0.999971172,0.991730311,0.991738071,0.991766662,0.495943113,-0.495787198,0.495947769,-0.495790302,0.495947022,-0.49581964,,,,
-7.39E-06,-1.34E-05,-6.02E-06,0.99999261,0.999986589,0.999993979,0.991726565,0.991733894,0.991739865,0.495938028,-0.495788537,0.495941112,-0.495792782,0.495941178,-0.495798687,,,,
-5.62E-06,-9.64E-06,-4.02E-06,0.999994377,0.999990355,0.999995979,0.991735797,0.991741374,0.991745362,0.495937804,-0.495797993,0.495939783,-0.495801591,0.495939787,-0.495805575,,,,
1.66E-06,-3.42E-06,-5.08E-06,1.000001657,0.999996577,0.99999492,0.991741637,0.991739994,0.991745032,0.49594903,-0.495792607,0.495942339,-0.495797655,0.49594294,-0.495802092,,,,
7.60E-07,-6.12E-06,-6.88E-06,1.00000076,0.999993881,0.999993121,0.991738989,0.991738235,0.991745057,0.49594689,-0.495792099,0.495941225,-0.49579701,0.49594309,-0.495801967,,,,
7.26E-08,-6.79E-06,-6.86E-06,1.000000073,0.999993213,0.99999314,0.991739738,0.991739666,0.991746469,0.495949596,-0.495790142,0.495944605,-0.495795061,0.495945863,-0.495800606,,,,
2.52E-05,2.04E-05,-4.75E-06,1.000025187,1.000020442,0.999995255,0.991772088,0.991747109,0.991751815,0.495948661,-0.495823427,0.495946061,-0.495801048,0.495945638,-0.495806177,,,,
-6.95E-06,-1.24E-05,-5.42E-06,0.999993049,0.999987633,0.999994584,0.99173711,0.991744004,0.991749375,0.495940583,-0.495796527,0.495944565,-0.495799439,0.49594468,-0.495804695,,,,
2.07E-06,-4.63E-06,-6.70E-06,1.00000207,0.999995375,0.999993305,0.991745112,0.991743059,0.991749699,0.495950127,-0.495794985,0.495944427,-0.495798632,0.495945814,-0.495803885,,,,
-7.23E-06,-3.82E-06,3.41E-06,0.999992772,0.999996177,1.000003405,0.991753393,0.991760561,0.991757184,0.495954643,-0.49579875,0.495958438,-0.495802123,0.495949672,-0.495807512,,,,
1.94E-06,-3.43E-06,-5.37E-06,1.000001936,0.99999657,0.999994634,0.99174037,0.99173845,0.991743772,0.495945664,-0.495794706,0.495938225,-0.495800225,0.495938454,-0.495805318,,,,
1.44E-06,-2.51E-06,-3.96E-06,1.000001444,0.999997488,0.999996044,0.991748046,0.991746614,0.991750537,0.495948827,-0.495799219,0.4959423,-0.495804314,0.495942187,-0.49580835,,,,
-1.18E-06,-7.51E-06,-6.33E-06,0.999998824,0.99999249,0.999993666,0.991749485,0.991750651,0.991756933,0.49594569,-0.495803795,0.495943453,-0.495807198,0.495944831,-0.495812102,,,,
-3.15E-05,-1.01E-05,2.15E-05,0.999968464,0.999989948,1.000021485,0.991750445,0.991781722,0.991760414,0.49594502,-0.495805425,0.495946514,-0.495835208,0.495946671,-0.495813743,,,,
-8.22E-06,-1.14E-05,-3.19E-06,0.999991784,0.999988591,0.999996807,0.991732988,0.991741136,0.991744303,0.495941747,-0.495791241,0.495944732,-0.495796404,0.495944,-0.495800303,,,,
-2.69E-05,-1.38E-05,1.31E-05,0.999973082,0.999986203,1.000013121,0.991738234,0.99176493,0.991751917,0.495946322,-0.495791912,0.495940858,-0.495824072,0.495949346,-0.495802571,,,,
-3.13E-05,-1.21E-05,1.92E-05,0.999968659,0.999987897,1.000019239,0.991729552,0.991760635,0.991741555,0.495938778,-0.495790774,0.495941084,-0.495819551,0.495940972,-0.495800583,,,,
,,,,,,,,,,,,,,,,,,
Input voltage = 0.5,,,,,,,,,,,,,,,,,,
Running at a PLC of 10,,,,,,,,,,,,,,,,,,
GE1, GE2, GE3, ratio12, ratio13, ratio23, diff1, diff2, diff3, r11, r12, r21, r22, r31, r32,,,,
-1.58E-06,-6.03E-06,-4.45E-06,0.999998421,0.999993975,0.999995554,0.9918105,0.991812066,0.991816476,0.495968516,-0.495841984,0.495972138,-0.495839928,0.49597193,-0.495844546,Average,0.00%,0.00%,0.00%
-1.22E-06,-5.88E-06,-4.66E-06,0.999998781,0.999994123,0.999995342,0.991806881,0.99180809,0.99181271,0.495959297,-0.495847584,0.495961686,-0.495846404,0.495961809,-0.495850901,Max,0.00%,0.00%,0.00%
3.35E-07,-3.60E-06,-3.93E-06,1.000000335,0.999996404,0.999996069,0.991807881,0.991807549,0.991811448,0.49595932,-0.495848561,0.495961184,-0.495846365,0.495961076,-0.495850372,Min,0.00%,0.00%,0.00%
-9.28E-08,-4.27E-06,-4.18E-06,0.999999907,0.999995731,0.999995824,0.991804,0.991804092,0.991808234,0.495953881,-0.495850119,0.495955567,-0.495848525,0.495955648,-0.495852586,Spread,0.00%,0.00%,0.00%
1.20E-06,-3.38E-06,-4.58E-06,1.000001202,0.999996617,0.999995415,0.991806468,0.991805276,0.991809823,0.495954966,-0.495851502,0.495956438,-0.495848838,0.49595667,-0.495853153,,,,
-3.99E-06,-8.84E-06,-4.85E-06,0.999996013,0.99999116,0.999995146,0.99179806,0.991802014,0.991806828,0.495952488,-0.495845572,0.495953883,-0.495848131,0.495954058,-0.49585277,,,,
-7.04E-06,-1.35E-05,-6.50E-06,0.999992964,0.999986465,0.999993501,0.99179375,0.991800728,0.991807174,0.495954443,-0.495839307,0.495958149,-0.495842579,0.495960111,-0.495847063,,,,
-7.10E-06,-1.13E-05,-4.20E-06,0.999992904,0.999988699,0.999995796,0.991795191,0.991802229,0.991806399,0.495953235,-0.495841956,0.495957223,-0.495845006,0.495956848,-0.495849551,,,,
3.22E-07,-3.67E-06,-3.99E-06,1.000000322,0.999996335,0.999996013,0.991810232,0.991809913,0.991813867,0.49596144,-0.495848792,0.495964079,-0.495845834,0.495963549,-0.495850318,,,,
1.28E-06,-3.13E-06,-4.41E-06,1.000001275,0.99999687,0.999995595,0.991806105,0.99180484,0.991809209,0.495955506,-0.495850599,0.495956895,-0.495847945,0.495956738,-0.495852471,,,,
2.32E-07,-4.09E-06,-4.32E-06,1.000000232,0.999995908,0.999995677,0.991805848,0.991805618,0.991809906,0.495954059,-0.495851789,0.495956658,-0.49584896,0.495956461,-0.495853445,,,,
-3.99E-06,-8.19E-06,-4.19E-06,0.999996007,0.999991814,0.999995807,0.991799391,0.991803351,0.99180751,0.495957792,-0.495841599,0.495958765,-0.495844586,0.495958272,-0.495849238,,,,
-8.36E-06,-1.24E-05,-4.08E-06,0.999991641,0.99998756,0.999995919,0.991796134,0.991804424,0.991808472,0.495955575,-0.495840559,0.495959428,-0.495844996,0.495958986,-0.495849486,,,,
-7.62E-06,-1.20E-05,-4.40E-06,0.99999238,0.999987976,0.999995596,0.991800184,0.991807742,0.99181211,0.495955403,-0.495844781,0.495959543,-0.495848199,0.495959163,-0.495852947,,,,
-8.26E-07,-1.26E-05,-1.17E-05,0.999999174,0.999987427,0.999988253,0.991805245,0.991806064,0.991817715,0.495954962,-0.495850283,0.495957562,-0.495848502,0.495959218,-0.495858497,,,,
1.02E-06,-3.16E-06,-4.18E-06,1.000001019,0.99999684,0.999995821,0.991805428,0.991804417,0.991808562,0.495957419,-0.495848009,0.495959405,-0.495845012,0.495959113,-0.495849449,,,,
-7.05E-06,-1.78E-05,-1.07E-05,0.999992946,0.999982231,0.999989284,0.991800491,0.991807487,0.991818115,0.495956107,-0.495844384,0.495960014,-0.495847473,0.495959734,-0.495858381,,,,
-7.15E-06,-1.87E-05,-1.16E-05,0.999992847,0.999981282,0.999988434,0.99180269,0.991809784,0.991821255,0.495958825,-0.495843865,0.495962453,-0.495847331,0.495964038,-0.495857217,,,,
-7.22E-06,-1.39E-05,-6.70E-06,0.999992785,0.999986087,0.999993302,0.991801322,0.991808478,0.991815121,0.495955595,-0.495845727,0.495959458,-0.49584902,0.495961445,-0.495853676,,,,
-6.80E-06,-1.14E-05,-4.59E-06,0.999993204,0.999988619,0.999995414,0.991799375,0.991806115,0.991810663,0.495954331,-0.495845044,0.495958255,-0.49584786,0.495958109,-0.495852554,,,,
-7.00E-06,-1.18E-05,-4.77E-06,0.999993005,0.99998824,0.999995235,0.99180081,0.991807748,0.991812474,0.495955454,-0.495845356,0.49595919,-0.495848558,0.495959429,-0.495853045,,,,
4.55E-07,-6.10E-06,-6.55E-06,1.000000455,0.999993901,0.999993446,0.991806046,0.991805595,0.991812095,0.495952574,-0.495853472,0.495954509,-0.495851086,0.495956455,-0.49585564,,,,
5.82E-07,-3.45E-06,-4.03E-06,1.000000582,0.99999655,0.999995968,0.991801536,0.991800959,0.991804958,0.495953008,-0.495848528,0.495954656,-0.495846303,0.495954339,-0.495850619,,,,
-5.53E-06,-1.01E-05,-4.62E-06,0.99999447,0.999989852,0.999995382,0.991792721,0.991798206,0.991802786,0.495947731,-0.49584499,0.495949793,-0.495848413,0.495949825,-0.495852961,,,,
-7.34E-06,-1.16E-05,-4.24E-06,0.999992664,0.999988419,0.999995755,0.991787473,0.991794749,0.991798959,0.49594736,-0.495840113,0.495951279,-0.49584347,0.495951178,-0.495847781,,,,
-1.35E-05,-1.86E-05,-5.10E-06,0.999986494,0.999981393,0.999994898,0.991795945,0.99180934,0.9918144,0.49595082,-0.495845125,0.495956427,-0.495852913,0.49595642,-0.49585798,,,,
-1.45E-05,-1.16E-05,2.83E-06,0.999985528,0.999988358,1.000002829,0.991796996,0.991811349,0.991808543,0.495952039,-0.495844957,0.495957742,-0.495853607,0.495955945,-0.495852598,,,,
-8.44E-06,-1.81E-05,-9.67E-06,0.99999156,0.999981893,0.999990333,0.991794239,0.99180261,0.991812198,0.495952395,-0.495841844,0.495957596,-0.495845014,0.495957877,-0.495854321,,,,
-6.52E-06,-1.32E-05,-6.64E-06,0.999993484,0.999986843,0.99999336,0.9918006,0.991807063,0.991813649,0.495950157,-0.495850443,0.495953515,-0.495853548,0.49595623,-0.495857419,,,,
-9.51E-07,-5.59E-06,-4.63E-06,0.999999049,0.999994414,0.999995365,0.991803111,0.991804054,0.991808651,0.495953413,-0.495849698,0.495957177,-0.495846877,0.495957084,-0.495851567,,,,
-7.07E-06,-1.10E-05,-3.92E-06,0.999992927,0.999989005,0.999996078,0.991799153,0.991806168,0.991810058,0.495954152,-0.495845001,0.4959575,-0.495848668,0.495957695,-0.495852363,,,,
-1.27E-07,-5.00E-06,-4.87E-06,0.999999873,0.999994999,0.999995126,0.991804412,0.991804538,0.991809372,0.495958326,-0.495846086,0.495959714,-0.495844824,0.495960156,-0.495849216,,,,
1.02E-06,-3.77E-06,-4.79E-06,1.000001017,0.999996225,0.999995208,0.99180084,0.991799831,0.991804584,0.495958962,-0.495841878,0.495960803,-0.495839028,0.495961004,-0.49584358,,,,
1.31E-06,-3.55E-06,-4.86E-06,1.000001314,0.999996452,0.999995138,0.991806287,0.991804984,0.991809806,0.495959913,-0.495846374,0.495961373,-0.495843611,0.495961943,-0.495847863,,,,
1.24E-06,-3.33E-06,-4.57E-06,1.000001237,0.999996671,0.999995434,0.991803911,0.991802684,0.991807213,0.495953311,-0.4958506,0.495954883,-0.495847801,0.495954909,-0.495852304,,,,
-1.19E-06,-5.22E-06,-4.03E-06,0.999998812,0.999994781,0.999995969,0.991804476,0.991805654,0.991809652,0.495955721,-0.495848755,0.495957087,-0.495848567,0.495956932,-0.49585272,,,,
7.47E-07,-3.41E-06,-4.16E-06,1.000000747,0.999996589,0.999995842,0.991805624,0.991804883,0.991809007,0.495958423,-0.495847201,0.495960407,-0.495844476,0.495960215,-0.495848792,,,,
6.35E-08,-4.05E-06,-4.11E-06,1.000000064,0.999995951,0.999995887,0.991806065,0.991806002,0.991810081,0.495956746,-0.495849319,0.495958473,-0.495847529,0.495958277,-0.495851804,,,,
-9.06E-06,-8.01E-06,1.05E-06,0.999990938,0.999991987,1.00000105,0.991803924,0.991812912,0.991811871,0.495958947,-0.495844977,0.495959226,-0.495853686,0.495959377,-0.495852494,,,,
-1.44E-05,-1.10E-05,3.43E-06,0.99998561,0.999989035,1.000003425,0.991806012,0.991820284,0.991816887,0.495957645,-0.495848367,0.495962927,-0.495857357,0.495960824,-0.495856063,,,,
,,,,,,,,,,,,,,,,,,
Input voltage = 0.5,,,,,,,,,,,,,,,,,,
Running at a PLC of 100,,,,,,,,,,,,,,,,,,
GE1, GE2, GE3, ratio12, ratio13, ratio23, diff1, diff2, diff3, r11, r12, r21, r22, r31, r32,,,,
-7.16E-06,-1.06E-05,-3.42E-06,0.999992836,0.999989412,0.999996576,0.991817492,0.991824597,0.991827993,0.495962506,-0.495854986,0.495965933,-0.495858664,0.49596615,-0.495861843,Average,0.00%,0.00%,0.00%
-7.25E-06,-1.13E-05,-4.02E-06,0.99999275,0.999988727,0.999995977,0.99181152,0.991818711,0.991822701,0.495960956,-0.495850564,0.495964491,-0.49585422,0.49596471,-0.495857991,Max,0.00%,0.00%,0.00%
-6.80E-06,-1.11E-05,-4.28E-06,0.999993203,0.999988923,0.99999572,0.991816296,0.991823037,0.991827282,0.495962653,-0.495853643,0.495966015,-0.495857022,0.495966334,-0.495860948,Min,0.00%,0.00%,0.00%
-6.39E-06,-1.02E-05,-3.86E-06,0.999993608,0.99998975,0.999996142,0.991819769,0.991826109,0.991829935,0.49595803,-0.495861739,0.495961229,-0.49586488,0.495961458,-0.495868477,Spread,0.00%,0.00%,0.00%
-6.79E-06,-1.12E-05,-4.42E-06,0.999993212,0.999988788,0.999995576,0.991813239,0.991819971,0.991824359,0.495956317,-0.495856922,0.495959652,-0.495860319,0.495960244,-0.495864115,,,,
-7.64E-06,-1.09E-05,-3.29E-06,0.999992355,0.999989069,0.999996713,0.991813013,0.991820595,0.991823855,0.495956438,-0.495856575,0.495959815,-0.49586078,0.495960079,-0.495863776,,,,
-6.86E-06,-1.18E-05,-4.92E-06,0.999993136,0.999988215,0.999995079,0.991815386,0.991822194,0.991827075,0.495962059,-0.495853327,0.495965556,-0.495856638,0.495966082,-0.495860993,,,,
-6.38E-06,-1.06E-05,-4.26E-06,0.999993619,0.999989356,0.999995737,0.991801538,0.991807867,0.991812095,0.495956766,-0.495844772,0.495959906,-0.495847961,0.495960323,-0.495851772,,,,
-6.22E-06,-1.03E-05,-4.04E-06,0.999993778,0.999989738,0.99999596,0.991815842,0.991822013,0.99182602,0.495964742,-0.4958511,0.495968358,-0.495853655,0.495968587,-0.495857433,,,,
-6.88E-06,-1.14E-05,-4.47E-06,0.999993121,0.999988649,0.999995528,0.991815744,0.991822567,0.991827002,0.495964989,-0.495850755,0.495968407,-0.49585416,0.495969157,-0.495857845,,,,
-6.82E-06,-1.09E-05,-4.07E-06,0.999993176,0.999989111,0.999995935,0.991808908,0.991815676,0.991819708,0.49595668,-0.495852228,0.495959994,-0.495855682,0.495960392,-0.495859316,,,,
-7.01E-06,-1.09E-05,-3.89E-06,0.999992991,0.999989099,0.999996108,0.991811186,0.991818138,0.991821998,0.495962684,-0.495848502,0.495966009,-0.495852129,0.495966418,-0.49585558,,,,
-7.07E-06,-1.12E-05,-4.08E-06,0.999992931,0.999988849,0.999995918,0.991813728,0.991820739,0.991824788,0.495956241,-0.495857487,0.495959677,-0.495861062,0.495959985,-0.495864803,,,,
-7.36E-06,-1.15E-05,-4.09E-06,0.999992637,0.999988547,0.999995911,0.991820777,0.99182808,0.991832136,0.495965989,-0.495854788,0.495969415,-0.495858665,0.495969681,-0.495862455,,,,
-7.35E-06,-1.12E-05,-3.84E-06,0.999992648,0.999988805,0.999996157,0.991821763,0.991829055,0.991832867,0.49596948,-0.495852283,0.495972938,-0.495856117,0.495973009,-0.495859858,,,,
-7.85E-06,-1.12E-05,-3.33E-06,0.999992155,0.999988829,0.999996674,0.991824124,0.991831905,0.991835204,0.495965244,-0.49585888,0.495968845,-0.49586306,0.495968851,-0.495866353,,,,
-7.07E-06,-1.10E-05,-3.94E-06,0.999992931,0.999988996,0.999996065,0.991821083,0.991828094,0.991831997,0.495957469,-0.495863614,0.495960977,-0.495867117,0.495961095,-0.495870902,,,,
-6.81E-06,-1.10E-05,-4.20E-06,0.999993187,0.999988985,0.999995798,0.991826647,0.991833404,0.991837572,0.495966511,-0.495860136,0.495969778,-0.495863626,0.495970207,-0.495867365,,,,
-6.39E-06,-1.03E-05,-3.95E-06,0.999993612,0.999989664,0.999996052,0.991822357,0.991828693,0.991832609,0.495964575,-0.495857782,0.495967933,-0.49586076,0.495968139,-0.49586447,,,,
-6.81E-06,-1.09E-05,-4.06E-06,0.999993194,0.999989139,0.999995945,0.991829379,0.991836129,0.991840151,0.495972832,-0.495856547,0.495976388,-0.495859741,0.495976376,-0.495863775,,,,
-6.89E-06,-1.16E-05,-4.71E-06,0.999993107,0.999988392,0.999995286,0.991825346,0.991832183,0.991836859,0.495967035,-0.495858311,0.495970604,-0.495861579,0.495970634,-0.495866225,,,,
-6.94E-06,-1.10E-05,-4.10E-06,0.999993061,0.999988962,0.999995901,0.991831184,0.991838066,0.991842132,0.49596794,-0.495863244,0.495971574,-0.495866492,0.495971513,-0.495870619,,,,
-6.97E-06,-1.13E-05,-4.29E-06,0.999993026,0.999988738,0.999995712,0.991822829,0.991829746,0.991833999,0.495959375,-0.495863454,0.495962979,-0.495866767,0.495962982,-0.495871017,,,,
-7.17E-06,-1.09E-05,-3.73E-06,0.999992825,0.999989091,0.999996266,0.991829274,0.99183639,0.991840094,0.49596779,-0.495861484,0.49597159,-0.4958648,0.49597139,-0.495868704,,,,
-7.27E-06,-1.12E-05,-3.96E-06,0.999992732,0.999988775,0.999996044,0.991834569,0.991841778,0.991845702,0.495970719,-0.49586385,0.495974004,-0.495867774,0.495974321,-0.495871381,,,,
-7.18E-06,-1.12E-05,-3.98E-06,0.999992821,0.99998884,0.999996019,0.991833725,0.991840845,0.991844794,0.495969249,-0.495864476,0.495972308,-0.495868537,0.495972713,-0.495872081,,,,
-7.73E-06,-1.11E-05,-3.41E-06,0.999992266,0.999988857,0.999996591,0.991833435,0.991841106,0.991844487,0.495969442,-0.495863993,0.495972631,-0.495868475,0.495972918,-0.495871569,,,,
-7.14E-06,-1.08E-05,-3.70E-06,0.999992856,0.999989157,0.999996301,0.991834608,0.991841694,0.991845363,0.495962922,-0.495871686,0.495965681,-0.495876013,0.495966178,-0.495879185,,,,
-6.29E-06,-1.07E-05,-4.37E-06,0.999993706,0.999989331,0.999995625,0.991833166,0.991839409,0.991843748,0.495968506,-0.49586466,0.495971226,-0.495868183,0.495971568,-0.49587218,,,,
-6.95E-06,-1.11E-05,-4.12E-06,0.999993045,0.999988924,0.999995878,0.991829233,0.991836131,0.991840219,0.495973142,-0.495856091,0.495976289,-0.495859842,0.495976515,-0.495863704,,,,
-7.66E-06,-1.17E-05,-4.04E-06,0.999992343,0.999988305,0.999995962,0.991833974,0.991841569,0.991845574,0.495974084,-0.49585989,0.495977329,-0.49586424,0.495977446,-0.495868128,,,,
-6.84E-06,-1.10E-05,-4.19E-06,0.999993158,0.999988973,0.999995815,0.991828887,0.991835673,0.991839824,0.495966888,-0.495861999,0.495969977,-0.495865696,0.495970265,-0.495869559,,,,
-7.29E-06,-1.10E-05,-3.70E-06,0.999992715,0.999989016,0.999996302,0.991835109,0.991842335,0.991846003,0.495971707,-0.495863402,0.495974379,-0.495867956,0.495974703,-0.4958713,,,,
-6.84E-06,-1.10E-05,-4.17E-06,0.999993157,0.999988985,0.999995828,0.991832145,0.991838932,0.99184307,0.495966221,-0.495865924,0.495968881,-0.495870051,0.495969414,-0.495873656,,,,
-7.02E-06,-1.10E-05,-4.00E-06,0.999992982,0.999988984,0.999996002,0.991832857,0.991839818,0.991843783,0.495971402,-0.495861455,0.495974215,-0.495865603,0.495974645,-0.495869138,,,,
-6.55E-06,-1.07E-05,-4.18E-06,0.999993451,0.999989266,0.999995816,0.991829731,0.991836227,0.991840377,0.495968662,-0.495861069,0.495971628,-0.495864599,0.495972073,-0.495868304,,,,
-7.11E-06,-1.07E-05,-3.58E-06,0.999992892,0.999989312,0.99999642,0.991826733,0.991833783,0.991837334,0.495969504,-0.495857229,0.495972379,-0.495861404,0.495972974,-0.49586436,,,,
-7.16E-06,-1.10E-05,-3.81E-06,0.999992839,0.999989025,0.999996186,0.99183668,0.991843783,0.991847566,0.495968341,-0.495868339,0.495971518,-0.495872265,0.495971896,-0.49587567,,,,
-7.30E-06,-1.10E-05,-3.72E-06,0.999992697,0.999988976,0.999996279,0.991829775,0.991837018,0.991840709,0.495968952,-0.495860823,0.495972289,-0.495864729,0.495972632,-0.495868077,,,,
-7.10E-06,-1.06E-05,-3.51E-06,0.999992904,0.999989393,0.999996489,0.99183366,0.991840698,0.99184418,0.495971978,-0.495861682,0.49597494,-0.495865758,0.495975672,-0.495868508,,,,
,,,,,,,,,,,,,,,,,,
Special case for Gain error across ranges,,,,,,,,,,,,,,,,,,
Input voltage = 0.005,,,,,,,,,,,,,,,,,,
Running at a PLC of 1,,,,,,,,,,,,,,,,,,
GE1, GE2, GE3, ratio12, ratio13, ratio23, diff1, diff2, diff3, r11, r12, r21, r22, r31, r32,Average,-0.01%,-0.02%,-0.01%
7.33E-05,7.22E-05,-1.12E-06,1.00007331,1.000072195,0.999998885,0.009802062,0.009801343,0.009801354,0.004947912,-0.00485415,0.004947665,-0.004853678,0.004945322,-0.004856032,Max,0.07%,0.05%,0.11%
-0.000166081,-0.000175789,-9.71E-06,0.999833919,0.999824211,0.999990291,0.009790141,0.009791767,0.009791862,0.004943543,-0.004846598,0.004943237,-0.004848531,0.004942181,-0.004849681,Min,-0.12%,-0.12%,-0.12%
-3.80E-05,-0.000157747,-0.000119735,0.999961984,0.999842253,0.999880265,0.009794469,0.009794841,0.009796014,0.004942334,-0.004852135,0.004941831,-0.00485301,0.004941092,-0.004854923,Spread,0.18%,0.17%,0.23%
-1.48E-05,5.94E-05,7.42E-05,0.999985195,1.00005943,1.000074236,0.009800722,0.009800867,0.00980014,0.004945505,-0.004855217,0.004943882,-0.004856986,0.004941475,-0.004858664,,,,
3.29E-05,-0.000137521,-0.000170442,1.000032927,0.999862479,0.999829558,0.009794048,0.009793725,0.009795395,0.00494578,-0.004848267,0.004944335,-0.00484939,0.004943701,-0.004851693,,,,
-0.000143419,-0.001238732,-0.001095471,0.999856581,0.998761268,0.998904529,0.00978917,0.009790575,0.009801312,0.004947275,-0.004841895,0.004947982,-0.004842593,0.00494589,-0.004855422,,,,
-0.000316888,0.000214553,0.00053161,0.999683112,1.000214553,1.00053161,0.009804647,0.009807755,0.009802544,0.004952446,-0.004852202,0.004952894,-0.004854862,0.004953922,-0.004848622,,,,
-0.000165168,-0.000123486,4.17E-05,0.999834832,0.999876514,1.000041689,0.009797351,0.00979897,0.009798561,0.004957108,-0.004840243,0.004957212,-0.004841758,0.004955357,-0.004843204,,,,
-0.000179981,-9.18E-08,0.000179922,0.999820019,0.999999908,1.000179922,0.009802191,0.009803955,0.009802192,0.004954608,-0.004847583,0.004955413,-0.004848542,0.004952354,-0.004849838,,,,
-9.00E-05,-0.000127447,-3.74E-05,0.999909958,0.999872553,0.999962592,0.009791794,0.009792676,0.009793042,0.004949419,-0.004842375,0.004947298,-0.004845378,0.004946142,-0.0048469,,,,
0.000110673,-6.18E-05,-0.000172427,1.000110673,0.999938228,0.999827573,0.00979667,0.009795586,0.009797275,0.00495086,-0.004845809,0.004949348,-0.004846238,0.004948915,-0.00484836,,,,
0.00019374,-0.000192473,-0.000386139,1.00019374,0.999807527,0.999613861,0.009795521,0.009793623,0.009797406,0.004947444,-0.004848076,0.004945828,-0.004847796,0.004945194,-0.004852213,,,,
0.000134098,-5.12E-05,-0.000185296,1.000134098,0.999948777,0.999814704,0.009793115,0.009791802,0.009793617,0.004945355,-0.00484776,0.00494464,-0.004847162,0.00494388,-0.004849736,,,,
-9.45E-05,1.94E-06,9.64E-05,0.999905503,1.000001937,1.000096444,0.009798383,0.009799309,0.009798364,0.004951928,-0.004846456,0.00495144,-0.00484787,0.004950025,-0.00484834,,,,
-3.42E-05,-0.000323607,-0.000289412,0.999965795,0.999676393,0.999710588,0.009793318,0.009793653,0.009796489,0.004948726,-0.004844592,0.004947679,-0.004845974,0.004948923,-0.004847566,,,,
-0.000323427,-0.000507192,-0.000183824,0.999676573,0.999492808,0.999816176,0.009800267,0.009803438,0.00980524,0.004952892,-0.004847375,0.00495316,-0.004850278,0.004953615,-0.004851625,,,,
-7.99E-05,-0.001063707,-0.000983922,0.999920136,0.998936293,0.999016078,0.00980136,0.009802143,0.009811797,0.004957082,-0.004844278,0.004956906,-0.004845237,0.004955937,-0.00485586,,,,
-0.000965335,-0.000112168,0.000853991,0.999034665,0.999887832,1.000853991,0.009799625,0.009809094,0.009800724,0.004957526,-0.004842099,0.004957045,-0.004852049,0.004955208,-0.004845516,,,,
3.55E-05,-0.000616502,-0.00065201,1.000035531,0.999383498,0.99934799,0.009805607,0.009805259,0.009811656,0.004955211,-0.004850397,0.00495478,-0.004850479,0.004957354,-0.004854303,,,,
-4.73E-06,-4.94E-05,-4.47E-05,0.999995275,0.999950565,0.99995529,0.009804314,0.00980436,0.009804798,0.004951798,-0.004852515,0.004950677,-0.004853683,0.004949999,-0.004854799,,,,
-0.000211765,-8.66E-05,0.000125242,0.999788235,0.99991345,1.000125242,0.009794297,0.009796372,0.009795145,0.00495012,-0.004844178,0.004951172,-0.0048452,0.004949102,-0.004846043,,,,
-0.001166286,-6.42E-05,0.001103362,0.998833714,0.999935789,1.001103362,0.009793366,0.009804801,0.009793995,0.004952573,-0.004840793,0.004952337,-0.004852465,0.004950463,-0.004843532,,,,
-0.000367198,-4.12E-05,0.000326138,0.999632802,0.99995882,1.000326138,0.009798826,0.009802425,0.009799229,0.004950795,-0.004848031,0.004953603,-0.004848822,0.004949109,-0.00485012,,,,
-1.03E-05,-0.001177023,-0.001166706,0.999989671,0.998822977,0.998833294,0.009802206,0.009802307,0.009813757,0.004951628,-0.004850578,0.004950437,-0.004851871,0.00494919,-0.004864567,,,,
-0.000152256,-0.000539717,-0.00038752,0.999847744,0.999460283,0.99961248,0.00980121,0.009802703,0.009806503,0.004948176,-0.004853034,0.004947742,-0.004854961,0.004946253,-0.00486025,,,,
-2.01E-05,7.32E-05,9.32E-05,0.999979948,1.000073151,1.000093205,0.009803315,0.009803512,0.009802598,0.004950385,-0.00485293,0.00495135,-0.004852162,0.004948479,-0.004854118,,,,
-0.000138209,-0.000252921,-0.000114728,0.999861791,0.999747079,0.999885272,0.009805878,0.009807233,0.009808358,0.004951686,-0.004854192,0.00495187,-0.004855363,0.00495097,-0.004857389,,,,
-0.000101946,-0.000273578,-0.000171649,0.999898054,0.999726422,0.999828351,0.009798119,0.009799118,0.0098008,0.004952556,-0.004845563,0.004953208,-0.004845909,0.00495247,-0.00484833,,,,
1.68E-06,-0.000164922,-0.000166603,1.000001682,0.999835078,0.999833397,0.009792604,0.009792588,0.00979422,0.004948293,-0.004844311,0.004947425,-0.004845163,0.004946661,-0.004847558,,,,
1.27E-05,-3.56E-06,-1.63E-05,1.000012728,0.999996436,0.999983709,0.009789802,0.009789678,0.009789837,0.004948489,-0.004841314,0.004947654,-0.004842024,0.004946805,-0.004843033,,,,
-1.71E-05,-0.000135544,-0.00011841,0.999982864,0.999864456,0.99988159,0.009797202,0.00979737,0.00979853,0.004954171,-0.004843031,0.004953488,-0.004843882,0.004951888,-0.004846643,,,,
2.39E-05,-0.000170945,-0.000194841,1.000023901,0.999829055,0.999805159,0.009808265,0.00980803,0.009809942,0.00495705,-0.004851215,0.004956779,-0.004851251,0.004954585,-0.004855356,,,,
-5.27E-05,4.31E-05,9.58E-05,0.999947301,1.000043054,1.000095758,0.009800478,0.009800994,0.009800056,0.004951834,-0.004848644,0.004951502,-0.004849492,0.004949561,-0.004850495,,,,
0.000175127,1.66E-05,-0.000158494,1.000175127,1.000016605,0.999841506,0.009800189,0.009798473,0.009800026,0.00495577,-0.004844419,0.004954223,-0.00484425,0.004952372,-0.004847654,,,,
-0.000198254,-8.87E-05,0.000109553,0.999801746,0.999911277,1.000109553,0.009799532,0.009801475,0.009800402,0.004950853,-0.004848679,0.004951109,-0.004850366,0.004948862,-0.004851539,,,,
-3.92E-05,-5.88E-05,-1.95E-05,0.999960775,0.99994123,0.999980454,0.009798507,0.009798891,0.009799083,0.004951762,-0.004846745,0.004950615,-0.004848276,0.004949906,-0.004849177,,,,
0.000134707,-3.69E-05,-0.000171592,1.000134707,0.999963092,0.999828408,0.009796422,0.009795103,0.009796784,0.004950272,-0.00484615,0.004949145,-0.004845958,0.004948956,-0.004847828,,,,
0.000679468,0.000484618,-0.000194718,1.000679468,1.000484618,0.999805282,0.009804737,0.00979808,0.009799988,0.004947427,-0.004857311,0.004946591,-0.004851489,0.004946129,-0.004853859,,,,
-0.000248279,-0.000399367,-0.000151125,0.999751721,0.999600633,0.999848875,0.009799472,0.009801905,0.009803387,0.004945334,-0.004854137,0.004946933,-0.004854973,0.00494596,-0.004857426,,,,
0.000291792,0.000313969,2.22E-05,1.000291792,1.000313969,1.00002217,0.009788685,0.009785829,0.009785612,0.004946287,-0.004842397,0.004942541,-0.004843288,0.004940996,-0.004844616,,,,
,,,,,,,,,,,,,,,,,,
Input voltage = 0.005,,,,,,,,,,,,,,,,,,
Running at a PLC of 10,,,,,,,,,,,,,,,,,,
GE1, GE2, GE3, ratio12, ratio13, ratio23, diff1, diff2, diff3, r11, r12, r21, r22, r31, r32,,,,
0.000178642,0.000196763,1.81E-05,1.000178642,1.000196763,1.000018118,0.00981506,0.009813307,0.009813129,0.004953259,-0.004861801,0.00495276,-0.004860546,0.004951223,-0.004861906,Average,0.00%,0.00%,0.00%
0.000310236,0.000294027,-1.62E-05,1.000310236,1.000294027,0.999983796,0.009819563,0.009816518,0.009816677,0.00495743,-0.004862133,0.004955305,-0.004861213,0.004954112,-0.004862565,Max,0.03%,0.03%,0.03%
0.000211235,0.000210293,-9.42E-07,1.000211235,1.000210293,0.999999058,0.009818951,0.009816878,0.009816887,0.004950867,-0.004868085,0.004949442,-0.004867436,0.004948053,-0.004868834,Min,-0.03%,-0.02%,-0.02%
0.000270039,0.000230152,-3.99E-05,1.000270039,1.000230152,0.999960124,0.009815592,0.009812942,0.009813334,0.004948974,-0.004866618,0.004948006,-0.004864936,0.004946583,-0.00486675,Spread,0.06%,0.05%,0.05%
-2.78E-05,-3.04E-05,-2.62E-06,0.999972195,0.999969576,0.99999738,0.00981756,0.009817833,0.009817859,0.004950803,-0.004866757,0.004950365,-0.004867468,0.004948604,-0.004869255,,,,
0.00018032,0.000156964,-2.34E-05,1.00018032,1.000156964,0.999976649,0.009818993,0.009817222,0.009817452,0.004953501,-0.004865491,0.004952799,-0.004864424,0.004951414,-0.004866037,,,,
8.37E-05,1.72E-05,-6.65E-05,1.00008373,1.000017191,0.999933467,0.009814521,0.0098137,0.009814353,0.004954319,-0.004860203,0.00495329,-0.00486041,0.004952169,-0.004862184,,,,
-1.76E-05,-0.000195853,-0.000178268,0.999982412,0.999804147,0.999821732,0.009820488,0.009820661,0.009822412,0.004954329,-0.004866159,0.004953801,-0.00486686,0.004952213,-0.004870198,,,,
3.55E-05,-0.000192101,-0.000227556,1.000035464,0.999807899,0.999772444,0.009809538,0.00980919,0.009811423,0.004949185,-0.004860352,0.004948466,-0.004860724,0.004947143,-0.004864279,,,,
-0.000250198,-2.11E-06,0.000248149,0.999749802,0.999997889,1.000248149,0.009818002,0.009820459,0.009818023,0.004952759,-0.004865243,0.004953073,-0.004867386,0.004950807,-0.004867215,,,,
4.96E-05,1.59E-05,-3.36E-05,1.000049577,1.000015944,0.999966368,0.009816493,0.009816006,0.009816336,0.004954196,-0.004862297,0.004953245,-0.004862761,0.004951967,-0.004864369,,,,
-0.000108699,-8.92E-06,9.98E-05,0.999891301,0.999991078,1.000099787,0.009813595,0.009814661,0.009813682,0.004954961,-0.004858634,0.004955311,-0.004859351,0.004952934,-0.004860748,,,,
0.00019791,0.000151229,-4.67E-05,1.00019791,1.000151229,0.999953328,0.009812813,0.009810871,0.009811329,0.004957916,-0.004854898,0.004957013,-0.004853858,0.004955842,-0.004855487,,,,
0.000186908,0.000236604,4.97E-05,1.000186908,1.000236604,1.000049687,0.00982288,0.009821045,0.009820557,0.004961348,-0.004861532,0.004960667,-0.004860378,0.004958749,-0.004861808,,,,
-0.000246612,1.41E-05,0.000260818,0.999753388,1.000014142,1.000260818,0.00982441,0.009826834,0.009824272,0.004962549,-0.004861862,0.004961767,-0.004865067,0.004960069,-0.004864203,,,,
-0.000156049,-6.40E-05,9.21E-05,0.999843951,0.999936034,1.000092098,0.009825887,0.009827421,0.009826516,0.004963709,-0.004862179,0.004962997,-0.004864424,0.004961641,-0.004864875,,,,
-1.08E-06,-1.43E-05,-1.32E-05,0.999998923,0.999985692,0.999986769,0.009823632,0.009823643,0.009823773,0.004959541,-0.004864091,0.004958859,-0.004864784,0.004957312,-0.00486646,,,,
1.65E-05,-2.05E-05,-3.69E-05,1.000016462,0.999979533,0.999963071,0.009830041,0.00982988,0.009830243,0.004958478,-0.004871564,0.00495788,-0.004871999,0.004956587,-0.004873656,,,,
-0.000134409,2.10E-05,0.000155463,0.999865591,1.000021033,1.000155463,0.009826293,0.009827614,0.009826087,0.004954467,-0.004871827,0.004953309,-0.004874305,0.004952136,-0.004873951,,,,
1.60E-05,-4.98E-05,-6.58E-05,1.000015978,0.999950162,0.999934186,0.009816206,0.009816049,0.009816695,0.004951443,-0.004864762,0.004950669,-0.00486538,0.004949421,-0.004867274,,,,
1.90E-06,-5.57E-05,-5.76E-05,1.000001902,0.999944342,0.99994244,0.009814288,0.009814269,0.009814834,0.004953317,-0.004860971,0.004952711,-0.004861558,0.004951512,-0.004863322,,,,
-3.25E-05,-3.58E-05,-3.27E-06,0.999967482,0.999964217,0.999996735,0.009811573,0.009811892,0.009811924,0.004956804,-0.004854769,0.004956469,-0.004855423,0.004954965,-0.004856959,,,,
-0.000160148,-3.23E-05,0.000127827,0.999839852,0.999967659,1.000127827,0.009812873,0.009814445,0.00981319,0.004958342,-0.004854531,0.004957376,-0.004857069,0.004956075,-0.004857115,,,,
-2.88E-06,3.51E-05,3.80E-05,0.99999712,1.000035089,1.000037969,0.009819425,0.009819453,0.00981908,0.004958439,-0.004860986,0.004957895,-0.004861558,0.004956137,-0.004862943,,,,
-0.000101564,-2.34E-05,7.82E-05,0.999898436,0.999976582,1.000078154,0.009810763,0.00981176,0.009810993,0.004951592,-0.004859172,0.004950652,-0.004861108,0.004949388,-0.004861605,,,,
-1.33E-05,-2.25E-05,-9.22E-06,0.999986745,0.999977526,0.999990781,0.00981632,0.00981645,0.00981654,0.004955055,-0.004861265,0.004954561,-0.004861889,0.004953106,-0.004863434,,,,
0.000157713,0.000169207,1.15E-05,1.000157713,1.000169207,1.000011492,0.009816259,0.009814711,0.009814598,0.004959018,-0.004857241,0.00495841,-0.004856301,0.004956854,-0.004857745,,,,
2.85E-05,-4.96E-06,-3.35E-05,1.000028506,0.999995036,0.999966531,0.009820903,0.009820623,0.009820952,0.004958219,-0.004862684,0.004957059,-0.004863564,0.004956096,-0.004864856,,,,
-6.46E-05,-4.07E-05,2.39E-05,0.999935391,0.999959303,1.000023913,0.00981916,0.009819794,0.00981956,0.004953017,-0.004866143,0.004952951,-0.004866843,0.004950916,-0.004868644,,,,
-0.000119488,-3.72E-05,8.23E-05,0.999880512,0.999962778,1.000082277,0.009821367,0.009822541,0.009821733,0.00495419,-0.004867177,0.0049536,-0.004868941,0.004952556,-0.004869177,,,,
-0.000268818,-4.11E-05,0.000227789,0.999731182,0.99995891,1.000227789,0.009817844,0.009820484,0.009818247,0.00495572,-0.004862124,0.004956099,-0.004864385,0.004953679,-0.004864569,,,,
-6.47E-06,1.06E-05,1.71E-05,0.999993526,1.000010644,1.000017119,0.009818463,0.009818527,0.009818359,0.004953506,-0.004864957,0.004953108,-0.004865419,0.004951304,-0.004867055,,,,
-6.12E-05,-1.42E-05,4.70E-05,0.999938809,0.999985777,1.000046971,0.009814417,0.009815017,0.009814556,0.004950247,-0.004864169,0.004950216,-0.004864801,0.004948069,-0.004866487,,,,
-0.000276495,1.78E-05,0.000294362,0.999723505,1.000017786,1.000294362,0.009811357,0.009814071,0.009811183,0.004946162,-0.004865196,0.004946339,-0.004867731,0.004943796,-0.004867387,,,,
-0.000160318,-2.77E-06,0.000157574,0.999839682,0.999997231,1.000157574,0.009820244,0.009821819,0.009820271,0.004953175,-0.004867069,0.004952704,-0.004869115,0.004950712,-0.00486956,,,,
0.000218557,-1.27E-06,-0.000219778,1.000218557,0.999998731,0.999780222,0.009826068,0.009823921,0.009826081,0.00495393,-0.004872139,0.004953297,-0.004870624,0.004951351,-0.00487473,,,,
-2.91E-05,-3.57E-05,-6.56E-06,0.999970851,0.999964294,0.999993442,0.009821753,0.009822039,0.009822104,0.00495433,-0.004867423,0.004953669,-0.00486837,0.004952041,-0.004870063,,,,
5.62E-06,-2.59E-05,-3.16E-05,1.000005615,0.99997405,0.999968435,0.009819893,0.009819838,0.009820148,0.004958812,-0.004861081,0.004958043,-0.004861795,0.004956396,-0.004863752,,,,
0.000206202,0.000183625,-2.26E-05,1.000206202,1.000183625,0.999977427,0.009820152,0.009818128,0.009818349,0.00495408,-0.004866072,0.004953286,-0.004864842,0.004951563,-0.004866786,,,,
-8.80E-05,-9.73E-05,-9.34E-06,0.999912004,0.999902662,0.999990658,0.009820008,0.009820872,0.009820964,0.004953708,-0.004866299,0.004953665,-0.004867207,0.004951751,-0.004869213,,,,
,,,,,,,,,,,,,,,,,,
Input voltage = 0.005,,,,,,,,,,,,,,,,,,
Running at a PLC of 100,,,,,,,,,,,,,,,,,,
GE1, GE2, GE3, ratio12, ratio13, ratio23, diff1, diff2, diff3, r11, r12, r21, r22, r31, r32,,,,
-2.16E-06,-6.81E-07,1.48E-06,0.999997839,0.999999319,1.00000148,0.009810989,0.009811011,0.009810996,0.004945399,-0.004865591,0.004944783,-0.004866228,0.00494307,-0.004867926,Average,0.00%,0.00%,0.00%
8.30E-06,-9.98E-06,-1.83E-05,1.000008304,0.999990018,0.999981715,0.009825911,0.00982583,0.009826009,0.004954531,-0.004871381,0.004953937,-0.004871892,0.004952273,-0.004873736,Max,0.00%,0.00%,0.00%
1.74E-05,-5.29E-06,-2.27E-05,1.000017406,0.999994714,0.999977308,0.009828147,0.009827976,0.009828199,0.004962382,-0.004865765,0.004961642,-0.004866335,0.00495985,-0.00486835,Min,0.00%,0.00%,0.00%
3.09E-05,2.42E-05,-6.71E-06,1.000030888,1.000024175,0.999993287,0.009825187,0.009824883,0.009824949,0.004955819,-0.004869368,0.004955224,-0.00486966,0.004953562,-0.004871388,Spread,0.01%,0.01%,0.01%
3.85E-06,8.65E-06,4.80E-06,1.00000385,1.000008647,1.000004797,0.009819598,0.009819561,0.009819514,0.004956468,-0.004863131,0.004955763,-0.004863798,0.004954075,-0.004865438,,,,
3.34E-05,4.18E-05,8.47E-06,1.00003337,1.000041842,1.000008472,0.009822646,0.009822318,0.009822235,0.004951232,-0.004871413,0.004950473,-0.004871845,0.00494881,-0.004873424,,,,
-1.01E-05,1.66E-05,2.67E-05,0.999989905,1.000016574,1.000026669,0.009827169,0.009827269,0.009827007,0.004955654,-0.004871515,0.004954821,-0.004872447,0.004953218,-0.004873788,,,,
1.77E-06,9.06E-06,7.29E-06,1.000001771,1.000009061,1.000007289,0.009827956,0.009827939,0.009827867,0.00496083,-0.004867126,0.004960025,-0.004867913,0.0049586,-0.004869267,,,,
2.27E-05,7.10E-06,-1.56E-05,1.000022695,1.0000071,0.999984405,0.009823164,0.009822941,0.009823095,0.004957439,-0.004865726,0.004956624,-0.004866317,0.004955319,-0.004867775,,,,
1.97E-05,4.68E-06,-1.50E-05,1.000019664,1.000004676,0.999985012,0.009830114,0.009829921,0.009830068,0.004960072,-0.004870042,0.004959222,-0.004870699,0.004957797,-0.004872271,,,,
1.05E-05,-5.45E-06,-1.60E-05,1.000010535,0.999994551,0.999984017,0.009820138,0.009820034,0.009820191,0.004954146,-0.004865991,0.004953384,-0.00486665,0.004951848,-0.004868343,,,,
3.00E-05,3.57E-05,5.78E-06,1.000029957,1.00003574,1.000005783,0.009820452,0.009820158,0.009820101,0.004955589,-0.004864863,0.004954827,-0.004865331,0.004953131,-0.004866971,,,,
1.07E-05,1.74E-05,6.76E-06,1.000010686,1.000017449,1.000006763,0.009816203,0.009816098,0.009816032,0.004951453,-0.00486475,0.004950846,-0.004865252,0.004949118,-0.004866914,,,,
5.48E-06,1.33E-05,7.87E-06,1.000005477,1.000013343,1.000007865,0.009824081,0.009824027,0.00982395,0.004955865,-0.004868216,0.004955232,-0.004868795,0.004953532,-0.004870418,,,,
1.86E-05,-6.68E-06,-2.53E-05,1.000018623,0.999993319,0.999974696,0.009828649,0.009828466,0.009828714,0.004953889,-0.00487476,0.004953136,-0.004875329,0.004951638,-0.004877076,,,,
1.58E-05,2.92E-06,-1.29E-05,1.000015769,1.000002918,0.99998715,0.009823773,0.009823618,0.009823745,0.004955607,-0.004868166,0.004955184,-0.004868435,0.004953435,-0.004870309,,,,
2.52E-05,1.38E-05,-1.14E-05,1.000025205,1.000013832,0.999988628,0.009820665,0.009820417,0.009820529,0.004954842,-0.004865823,0.00495417,-0.004866247,0.004952431,-0.004868098,,,,
8.25E-06,-2.45E-06,-1.07E-05,1.000008246,0.999997547,0.999989301,0.009813478,0.009813397,0.009813502,0.004950712,-0.004862767,0.004950314,-0.004863083,0.004948538,-0.004864965,,,,
-3.80E-06,-9.45E-06,-5.65E-06,0.999996199,0.99999055,0.999994351,0.009823274,0.009823311,0.009823367,0.004957051,-0.004866222,0.004956659,-0.004866652,0.004954799,-0.004868567,,,,
1.30E-05,3.68E-05,2.38E-05,1.000013006,1.000036796,1.00002379,0.009822053,0.009821925,0.009821691,0.004955206,-0.004866846,0.004954755,-0.00486717,0.004952774,-0.004868917,,,,
2.26E-06,1.09E-05,8.60E-06,1.000002259,1.000010856,1.000008597,0.009811607,0.009811585,0.0098115,0.004950895,-0.004860712,0.004950567,-0.004861018,0.004948513,-0.004862987,,,,
4.63E-05,2.51E-05,-2.11E-05,1.000046256,1.00002515,0.999978895,0.009818221,0.009817767,0.009817974,0.004956678,-0.004861543,0.004956264,-0.004861503,0.004954166,-0.004863808,,,,
-3.29E-06,-1.85E-07,3.10E-06,0.999996714,0.999999815,1.000003101,0.009817295,0.009817327,0.009817297,0.00495215,-0.004865145,0.004951858,-0.00486547,0.004949613,-0.004867683,,,,
2.01E-05,2.61E-05,5.97E-06,1.000020078,1.000026052,1.000005974,0.009816333,0.009816135,0.009816077,0.004949273,-0.00486706,0.004948972,-0.004867164,0.004946646,-0.004869431,,,,
3.35E-05,7.55E-06,-2.59E-05,1.000033475,1.000007551,0.999974077,0.009824966,0.009824637,0.009824892,0.004957398,-0.004867568,0.004957061,-0.004867576,0.004954922,-0.00486997,,,,
6.24E-06,1.53E-05,9.09E-06,1.000006238,1.000015325,1.000009087,0.009818888,0.009818827,0.009818738,0.004952302,-0.004866586,0.00495216,-0.004866666,0.004949932,-0.004868806,,,,
2.90E-05,1.20E-05,-1.71E-05,1.000029036,1.000011969,0.999982934,0.009817754,0.009817469,0.009817636,0.004953228,-0.004864526,0.004953209,-0.004864259,0.004950869,-0.004866767,,,,
2.99E-05,1.15E-05,-1.84E-05,1.000029894,1.000011473,0.999981579,0.009825298,0.009825004,0.009825185,0.004958388,-0.004866909,0.004958407,-0.004866596,0.004955976,-0.004869209,,,,
3.62E-05,2.04E-05,-1.58E-05,1.000036189,1.000020353,0.999984164,0.009820071,0.009819716,0.009819871,0.004951313,-0.004868758,0.00495119,-0.004868525,0.004948877,-0.004870995,,,,
2.26E-05,1.76E-05,-4.96E-06,1.000022557,1.000017595,0.999995038,0.009816301,0.00981608,0.009816129,0.004954803,-0.004861498,0.004954734,-0.004861346,0.004952208,-0.004863921,,,,
1.78E-05,2.26E-05,4.72E-06,1.00001784,1.000022561,1.000004721,0.009815444,0.009815269,0.009815223,0.004951742,-0.004863702,0.004951745,-0.004863524,0.004949339,-0.004865884,,,,
-8.40E-06,1.40E-05,2.24E-05,0.999991603,1.000014005,1.000022403,0.009814953,0.009815035,0.009814815,0.004949242,-0.004865711,0.004949266,-0.004865769,0.004946814,-0.004868001,,,,
3.63E-05,2.81E-05,-8.20E-06,1.00003626,1.000028061,0.999991801,0.009818303,0.009817947,0.009818027,0.004955967,-0.004862335,0.004955772,-0.004862174,0.004953552,-0.004864475,,,,
5.62E-06,8.81E-06,3.19E-06,1.000005619,1.000008808,1.000003189,0.009820527,0.009820472,0.009820441,0.004955457,-0.00486507,0.004955263,-0.004865209,0.004953087,-0.004867354,,,,
1.48E-05,-9.24E-06,-2.40E-05,1.000014804,0.999990759,0.999975955,0.009818134,0.009817988,0.009818225,0.004949682,-0.004868452,0.00494927,-0.004868719,0.004947251,-0.004870974,,,,
2.14E-05,3.29E-05,1.15E-05,1.000021374,1.000032906,1.000011532,0.009815767,0.009815558,0.009815444,0.004952426,-0.004863342,0.004952223,-0.004863335,0.004950036,-0.004865408,,,,
5.97E-06,-3.32E-06,-9.28E-06,1.000005967,0.999996682,0.999990715,0.009823526,0.009823467,0.009823559,0.004954106,-0.00486942,0.004953963,-0.004869504,0.004951822,-0.004871736,,,,
-3.77E-05,-5.64E-06,3.21E-05,0.999962305,0.999994364,1.00003206,0.009823319,0.009823689,0.009823374,0.004953608,-0.004869712,0.004953589,-0.0048701,0.004951297,-0.004872077,,,,
7.90E-06,-4.32E-06,-1.22E-05,1.000007895,0.999995677,0.999987781,0.009818497,0.00981842,0.00981854,0.00495677,-0.004861727,0.004956574,-0.004861846,0.00495463,-0.004863909,,,,
1.34E-05,2.31E-06,-1.11E-05,1.000013402,1.000002311,0.999988909,0.009823646,0.009823515,0.009823624,0.004958255,-0.004865391,0.004958097,-0.004865418,0.004956033,-0.004867591,,,,
